periode_data,tanggal,stasiun,pm10,pm25,so2,co,o3,no2,max,critical,categori
202401,2024-01-21,DKI3 Jagakarsa,51,65,45,9,8,79,79,null,SEDANG
202401,2024-01-22,DKI3 Jagakarsa,27,34,45,5,8,56,56,null,SEDANG
202401,2024-01-23,DKI3 Jagakarsa,N/A,52,46,6,9,51,52,PM25,SEDANG
202401,2024-01-24,DKI3 Jagakarsa,46,65,46,8,9,38,65,PM25,SEDANG
202401,2024-01-25,DKI3 Jagakarsa,37,55,47,7,11,28,55,PM25,SEDANG
202401,2024-01-26,DKI3 Jagakarsa,43,62,50,7,15,14,62,PM25,SEDANG
202401,2024-01-27,DKI3 Jagakarsa,40,52,48,8,12,10,52,PM25,SEDANG
202401,2024-01-28,DKI3 Jagakarsa,40,62,48,12,12,18,62,PM25,SEDANG
202401,2024-01-29,DKI3 Jagakarsa,33,44,47,14,12,24,47,SO2,BAIK
202401,2024-01-30,DKI3 Jagakarsa,58,46,48,22,12,33,58,PM10,SEDANG
202401,2024-01-31,DKI3 Jagakarsa,37,47,7,26,17,17,47,PM25,BAIK
202404,2024-04-01,DKI1 Bunderan HI,63,96,11,26,27,52,96,PM25,SEDANG
202404,2024-04-02,DKI1 Bunderan HI,67,97,14,28,28,62,97,PM25,SEDANG
202404,2024-04-03,DKI1 Bunderan HI,62,78,13,25,24,52,78,PM25,SEDANG
202404,2024-04-04,DKI1 Bunderan HI,48,63,12,30,24,51,63,PM25,SEDANG
202404,2024-04-05,DKI1 Bunderan HI,67,102,13,34,26,58,102,PM25,TIDAK SEHAT
202404,2024-04-06,DKI1 Bunderan HI,58,83,15,28,29,39,83,PM25,SEDANG
202404,2024-04-07,DKI1 Bunderan HI,48,68,12,22,36,34,68,PM25,SEDANG
202404,2024-04-08,DKI1 Bunderan HI,50,65,13,19,44,31,65,PM25,SEDANG
202404,2024-04-09,DKI1 Bunderan HI,40,62,15,20,34,24,62,PM25,SEDANG
202404,2024-04-10,DKI1 Bunderan HI,55,76,14,26,37,34,76,PM25,SEDANG
202404,2024-04-11,DKI1 Bunderan HI,40,54,10,18,31,26,54,PM25,SEDANG
202404,2024-04-12,DKI1 Bunderan HI,24,45,9,15,30,24,45,PM25,BAIK
202404,2024-04-13,DKI1 Bunderan HI,33,53,10,20,31,29,53,PM25,SEDANG
202404,2024-04-14,DKI1 Bunderan HI,27,47,9,17,34,23,47,PM25,BAIK
202404,2024-04-15,DKI1 Bunderan HI,27,46,9,19,27,25,46,PM25,BAIK
202404,2024-04-16,DKI1 Bunderan HI,32,52,13,17,25,20,52,PM25,SEDANG
202404,2024-04-17,DKI1 Bunderan HI,46,69,12,21,35,32,69,PM25,SEDANG
202404,2024-04-18,DKI1 Bunderan HI,44,60,11,24,33,37,60,PM25,SEDANG
202404,2024-04-19,DKI1 Bunderan HI,41,60,14,21,25,38,60,PM25,SEDANG
202404,2024-04-20,DKI1 Bunderan HI,57,77,20,22,24,33,77,PM25,SEDANG
202404,2024-04-21,DKI1 Bunderan HI,40,52,13,18,24,25,52,PM25,SEDANG
202404,2024-04-22,DKI1 Bunderan HI,53,71,13,22,23,40,71,PM25,SEDANG
202404,2024-04-23,DKI1 Bunderan HI,52,70,14,25,17,41,70,PM25,SEDANG
202404,2024-04-24,DKI1 Bunderan HI,50,71,13,25,22,49,71,PM25,SEDANG
202404,2024-04-25,DKI1 Bunderan HI,52,69,11,23,31,51,69,PM25,SEDANG
202404,2024-04-26,DKI1 Bunderan HI,41,58,13,19,26,35,58,PM25,SEDANG
202404,2024-04-27,DKI1 Bunderan HI,53,73,19,22,20,34,73,PM25,SEDANG
202404,2024-04-28,DKI1 Bunderan HI,51,74,13,25,28,34,74,PM25,SEDANG
202404,2024-04-29,DKI1 Bunderan HI,50,65,13,17,28,28,65,PM25,SEDANG
202404,2024-04-30,DKI1 Bunderan HI,53,70,16,18,27,33,70,PM25,SEDANG
202404,2024-04-01,DKI2 Kelapa Gading,78,111,58,15,35,44,111,PM25,TIDAK SEHAT
202404,2024-04-02,DKI2 Kelapa Gading,80,109,58,12,30,48,109,PM25,TIDAK SEHAT
202404,2024-04-03,DKI2 Kelapa Gading,71,93,56,13,30,32,93,PM25,SEDANG
202404,2024-04-04,DKI2 Kelapa Gading,56,69,58,15,27,58,69,PM25,SEDANG
202404,2024-04-05,DKI2 Kelapa Gading,75,112,56,30,21,63,112,PM25,TIDAK SEHAT
202404,2024-04-06,DKI2 Kelapa Gading,59,83,55,18,18,38,83,PM25,SEDANG
202404,2024-04-07,DKI2 Kelapa Gading,52,71,55,13,24,19,71,PM25,SEDANG
202404,2024-04-08,DKI2 Kelapa Gading,55,82,56,14,29,21,82,PM25,SEDANG
202404,2024-04-09,DKI2 Kelapa Gading,43,67,55,11,22,18,67,PM25,SEDANG
202404,2024-04-10,DKI2 Kelapa Gading,65,95,56,23,26,27,95,PM25,SEDANG
202404,2024-04-12,DKI3 Jagakarsa,34,55,54,6,14,18,55,PM25,SEDANG
202404,2024-04-13,DKI3 Jagakarsa,34,57,55,18,10,52,57,PM25,SEDANG
202404,2024-04-14,DKI3 Jagakarsa,32,55,54,7,14,19,55,PM25,SEDANG
202404,2024-04-15,DKI3 Jagakarsa,28,52,54,11,11,34,54,SO2,SEDANG
202404,2024-04-16,DKI3 Jagakarsa,36,58,54,9,10,41,58,PM25,SEDANG
202404,2024-04-17,DKI3 Jagakarsa,48,72,54,11,14,24,72,PM25,SEDANG
202404,2024-04-18,DKI3 Jagakarsa,39,59,54,12,15,34,59,PM25,SEDANG
202404,2024-04-19,DKI3 Jagakarsa,35,58,54,11,15,33,58,PM25,SEDANG
202404,2024-04-20,DKI3 Jagakarsa,54,79,54,20,12,60,79,PM25,SEDANG
202404,2024-04-21,DKI3 Jagakarsa,50,68,54,13,11,43,68,PM25,SEDANG
202404,2024-04-22,DKI3 Jagakarsa,54,74,55,18,11,64,74,PM25,SEDANG
202404,2024-04-23,DKI3 Jagakarsa,57,81,54,14,11,39,81,PM25,SEDANG
202404,2024-04-24,DKI3 Jagakarsa,43,63,54,14,15,37,63,PM25,SEDANG
202404,2024-04-25,DKI3 Jagakarsa,46,63,54,13,16,23,63,PM25,SEDANG
202404,2024-04-26,DKI3 Jagakarsa,40,60,54,9,14,28,60,PM25,SEDANG
202404,2024-04-27,DKI3 Jagakarsa,48,63,54,14,9,63,63,PM25,SEDANG
202404,2024-04-28,DKI3 Jagakarsa,50,68,54,16,11,68,68,PM25,SEDANG
202404,2024-04-29,DKI3 Jagakarsa,55,13,54,11,14,27,55,PM10,SEDANG
202404,2024-04-30,DKI3 Jagakarsa,57,16,54,9,14,24,57,PM10,SEDANG
202404,2024-04-01,DKI4 Lubang Buaya,83,113,27,27,13,8,113,PM25,TIDAK SEHAT
202404,2024-04-11,DKI2 Kelapa Gading,40,57,56,10,23,16,57,PM25,SEDANG
202404,2024-04-12,DKI2 Kelapa Gading,27,46,54,5,28,N/A,54,SO2,SEDANG
202404,2024-04-13,DKI2 Kelapa Gading,36,59,55,14,22,33,59,PM25,SEDANG
202404,2024-04-14,DKI2 Kelapa Gading,31,53,54,7,27,8,54,SO2,SEDANG
202404,2024-04-15,DKI2 Kelapa Gading,33,55,55,11,21,26,55,PM25,SEDANG
202404,2024-04-16,DKI2 Kelapa Gading,36,57,55,7,21,17,57,PM25,SEDANG
202404,2024-04-17,DKI2 Kelapa Gading,49,67,54,6,32,10,67,PM25,SEDANG
202404,2024-04-18,DKI2 Kelapa Gading,52,70,55,13,23,27,70,PM25,SEDANG
202404,2024-04-19,DKI2 Kelapa Gading,51,64,55,8,20,21,64,PM25,SEDANG
202404,2024-04-20,DKI2 Kelapa Gading,62,87,56,10,18,27,87,PM25,SEDANG
202404,2024-04-21,DKI2 Kelapa Gading,42,53,55,6,22,6,55,SO2,SEDANG
202404,2024-04-22,DKI2 Kelapa Gading,52,70,55,11,18,26,70,PM25,SEDANG
202404,2024-04-23,DKI2 Kelapa Gading,54,71,55,8,23,18,71,PM25,SEDANG
202404,2024-04-24,DKI2 Kelapa Gading,48,70,55,11,22,26,70,PM25,SEDANG
202404,2024-04-25,DKI2 Kelapa Gading,57,76,55,9,27,23,76,PM25,SEDANG
202404,2024-04-26,DKI2 Kelapa Gading,51,65,55,8,23,22,65,PM25,SEDANG
202404,2024-04-27,DKI2 Kelapa Gading,59,76,55,10,17,47,76,PM25,SEDANG
202404,2024-04-28,DKI2 Kelapa Gading,52,73,55,13,24,43,73,PM25,SEDANG
202404,2024-04-29,DKI2 Kelapa Gading,55,68,55,5,28,9,68,PM25,SEDANG
202404,2024-04-30,DKI2 Kelapa Gading,52,72,55,6,25,12,72,PM25,SEDANG
202404,2024-04-01,DKI3 Jagakarsa,55,83,51,20,17,43,83,PM25,SEDANG
202404,2024-04-02,DKI3 Jagakarsa,56,81,51,16,25,31,81,PM25,SEDANG
202404,2024-04-03,DKI3 Jagakarsa,59,80,51,16,31,20,80,PM25,SEDANG
202404,2024-04-04,DKI3 Jagakarsa,35,56,51,17,16,52,56,PM25,SEDANG
202404,2024-04-05,DKI3 Jagakarsa,61,96,52,30,10,78,96,PM25,SEDANG
202404,2024-04-06,DKI3 Jagakarsa,62,92,52,19,16,65,92,PM25,SEDANG
202404,2024-04-07,DKI3 Jagakarsa,52,69,52,11,19,31,69,PM25,SEDANG
202404,2024-04-08,DKI3 Jagakarsa,47,69,52,12,25,32,69,PM25,SEDANG
202404,2024-04-09,DKI3 Jagakarsa,54,84,52,11,22,43,84,PM25,SEDANG
202404,2024-04-10,DKI3 Jagakarsa,56,82,51,24,17,38,82,PM25,SEDANG
202404,2024-04-11,DKI3 Jagakarsa,20,50,54,11,12,47,54,SO2,SEDANG
202401,2024-01-09,DKI2 Kelapa Gading,51,68,58,16,18,53,68,PM25,SEDANG
202401,2024-01-10,DKI2 Kelapa Gading,56,77,61,11,31,43,77,PM25,SEDANG
202401,2024-01-11,DKI2 Kelapa Gading,44,54,56,11,19,27,56,SO2,SEDANG
202401,2024-01-12,DKI2 Kelapa Gading,27,39,57,11,14,52,57,SO2,SEDANG
202401,2024-01-13,DKI2 Kelapa Gading,35,54,57,10,16,28,57,SO2,SEDANG
202401,2024-01-14,DKI2 Kelapa Gading,37,51,57,8,16,22,57,SO2,SEDANG
202401,2024-01-15,DKI2 Kelapa Gading,52,67,58,12,14,32,67,PM25,SEDANG
202401,2024-01-01,DKI1 Bundaran Hotel Indonesia (HI),64,89,52,9,13,30,89,PM25,SEDANG
202401,2024-01-02,DKI1 Bundaran Hotel Indonesia (HI),53,93,52,4,12,28,93,PM25,SEDANG
202401,2024-01-03,DKI1 Bundaran Hotel Indonesia (HI),52,57,52,6,12,27,57,PM25,SEDANG
202401,2024-01-04,DKI1 Bundaran Hotel Indonesia (HI),30,N/A,112,20,8,77,112,SO2,TIDAK SEHAT
202401,2024-01-05,DKI1 Bundaran Hotel Indonesia (HI),22,54,46,15,24,44,54,PM25,SEDANG
202401,2024-01-06,DKI1 Bundaran Hotel Indonesia (HI),49,68,46,12,38,36,68,PM25,SEDANG
202401,2024-01-07,DKI1 Bundaran Hotel Indonesia (HI),52,77,45,14,34,44,77,PM25,SEDANG
202401,2024-01-08,DKI1 Bundaran Hotel Indonesia (HI),49,52,46,10,27,32,52,PM25,SEDANG
202401,2024-01-09,DKI1 Bundaran Hotel Indonesia (HI),50,62,48,13,25,31,62,PM25,SEDANG
202401,2024-01-10,DKI1 Bundaran Hotel Indonesia (HI),49,66,49,10,34,41,66,PM25,SEDANG
202401,2024-01-11,DKI1 Bundaran Hotel Indonesia (HI),51,58,47,10,24,36,58,PM25,SEDANG
202401,2024-01-12,DKI1 Bundaran Hotel Indonesia (HI),30,26,45,8,18,21,45,SO2,BAIK
202401,2024-01-13,DKI1 Bundaran Hotel Indonesia (HI),34,53,46,8,25,25,53,PM25,SEDANG
202401,2024-01-14,DKI1 Bundaran Hotel Indonesia (HI),39,49,45,6,20,20,49,PM25,BAIK
202401,2024-01-15,DKI1 Bundaran Hotel Indonesia (HI),55,72,47,10,21,30,72,PM25,SEDANG
202401,2024-01-16,DKI1 Bundaran Hotel Indonesia (HI),41,47,48,10,25,24,48,SO2,BAIK
202401,2024-01-17,DKI1 Bundaran Hotel Indonesia (HI),45,54,51,8,16,30,54,PM25,SEDANG
202401,2024-01-18,DKI1 Bundaran Hotel Indonesia (HI),45,58,47,11,14,27,58,PM25,SEDANG
202401,2024-01-19,DKI1 Bundaran Hotel Indonesia (HI),19,31,46,N/A,12,20,46,SO2,BAIK
202401,2024-01-20,DKI1 Bundaran Hotel Indonesia (HI),26,28,44,N/A,17,17,44,SO2,BAIK
202401,2024-01-21,DKI1 Bundaran Hotel Indonesia (HI),36,50,46,6,15,14,50,PM25,BAIK
202401,2024-01-22,DKI1 Bundaran Hotel Indonesia (HI),24,26,44,3,17,11,44,SO2,BAIK
202401,2024-01-23,DKI1 Bundaran Hotel Indonesia (HI),20,38,44,5,15,12,44,SO2,BAIK
202401,2024-01-24,DKI1 Bundaran Hotel Indonesia (HI),31,37,45,8,14,14,45,SO2,BAIK
202401,2024-01-25,DKI1 Bundaran Hotel Indonesia (HI),43,56,48,11,14,22,56,PM25,SEDANG
202401,2024-01-26,DKI1 Bundaran Hotel Indonesia (HI),39,59,48,9,17,26,59,PM25,SEDANG
202401,2024-01-27,DKI1 Bundaran Hotel Indonesia (HI),21,18,45,N/A,17,22,45,SO2,BAIK
202401,2024-01-28,DKI1 Bundaran Hotel Indonesia (HI),35,53,45,13,17,30,53,PM25,SEDANG
202401,2024-01-29,DKI1 Bundaran Hotel Indonesia (HI),30,N/A,44,8,17,28,44,SO2,BAIK
202401,2024-01-30,DKI1 Bundaran Hotel Indonesia (HI),39,67,46,31,14,28,67,PM25,SEDANG
202401,2024-01-31,DKI1 Bundaran Hotel Indonesia (HI),25,49,47,19,24,30,49,PM25,BAIK
202401,2024-01-01,DKI2 Kelapa Gading,67,103,34,18,26,N/A,103,PM25,TIDAK SEHAT
202401,2024-01-02,DKI2 Kelapa Gading,53,74,35,9,27,N/A,74,PM25,SEDANG
202401,2024-01-03,DKI2 Kelapa Gading,43,56,N/A,7,25,20,56,PM25,SEDANG
202401,2024-01-04,DKI2 Kelapa Gading,42,62,57,10,22,20,62,PM25,SEDANG
202401,2024-01-05,DKI2 Kelapa Gading,38,55,56,14,16,45,56,SO2,SEDANG
202401,2024-01-06,DKI2 Kelapa Gading,46,68,58,9,29,26,68,PM25,SEDANG
202401,2024-01-07,DKI2 Kelapa Gading,59,87,59,14,34,29,87,PM25,SEDANG
202401,2024-01-08,DKI2 Kelapa Gading,44,55,57,11,19,23,57,SO2,SEDANG
202401,2024-01-16,DKI2 Kelapa Gading,29,50,58,6,14,32,58,SO2,SEDANG
202401,2024-01-17,DKI2 Kelapa Gading,35,51,59,8,12,44,59,SO2,SEDANG
202401,2024-01-18,DKI2 Kelapa Gading,47,58,57,15,12,44,58,PM25,SEDANG
202401,2024-01-19,DKI2 Kelapa Gading,21,32,56,8,12,21,56,SO2,SEDANG
202401,2024-01-20,DKI2 Kelapa Gading,25,32,54,7,13,18,54,SO2,SEDANG
202401,2024-01-21,DKI2 Kelapa Gading,31,48,54,8,13,18,54,SO2,SEDANG
202401,2024-01-22,DKI2 Kelapa Gading,21,30,53,6,13,11,53,SO2,SEDANG
202401,2024-01-23,DKI2 Kelapa Gading,29,38,53,6,12,14,53,SO2,SEDANG
202401,2024-01-24,DKI2 Kelapa Gading,29,41,53,7,13,17,53,SO2,SEDANG
202401,2024-01-25,DKI2 Kelapa Gading,40,58,55,9,14,38,58,PM25,SEDANG
202401,2024-01-26,DKI2 Kelapa Gading,55,69,59,7,14,43,69,PM25,SEDANG
202401,2024-01-27,DKI2 Kelapa Gading,24,23,53,5,16,17,53,SO2,SEDANG
202401,2024-01-28,DKI2 Kelapa Gading,39,55,54,15,14,47,55,PM25,SEDANG
202401,2024-01-29,DKI2 Kelapa Gading,37,51,53,12,13,48,53,SO2,SEDANG
202401,2024-01-30,DKI2 Kelapa Gading,51,64,54,17,13,68,68,null,SEDANG
202401,2024-01-31,DKI2 Kelapa Gading,25,44,53,8,19,26,53,SO2,SEDANG
202401,2024-01-01,DKI4 Lubang Buaya,74,110,10,20,24,10,110,PM25,TIDAK SEHAT
202401,2024-01-02,DKI4 Lubang Buaya,56,80,12,11,27,13,80,PM25,SEDANG
202401,2024-01-03,DKI4 Lubang Buaya,54,66,13,7,18,14,66,PM25,SEDANG
202401,2024-01-04,DKI4 Lubang Buaya,53,72,13,10,20,15,72,PM25,SEDANG
202401,2024-01-05,DKI4 Lubang Buaya,61,62,10,14,17,19,62,PM25,SEDANG
202401,2024-01-06,DKI4 Lubang Buaya,51,70,11,10,31,16,70,PM25,SEDANG
202401,2024-01-07,DKI4 Lubang Buaya,62,84,10,15,23,19,84,PM25,SEDANG
202401,2024-01-08,DKI4 Lubang Buaya,55,76,10,22,21,20,76,PM25,SEDANG
202401,2024-01-09,DKI4 Lubang Buaya,61,84,12,14,17,14,84,PM25,SEDANG
202401,2024-01-10,DKI4 Lubang Buaya,70,102,12,11,26,13,102,PM25,TIDAK SEHAT
202401,2024-01-11,DKI4 Lubang Buaya,63,81,11,16,17,19,81,PM25,SEDANG
202401,2024-01-12,DKI4 Lubang Buaya,37,49,10,11,10,8,49,PM25,BAIK
202401,2024-01-13,DKI4 Lubang Buaya,45,62,10,10,15,13,62,PM25,SEDANG
202401,2024-01-14,DKI4 Lubang Buaya,50,64,11,9,16,10,64,PM25,SEDANG
202401,2024-01-15,DKI4 Lubang Buaya,58,78,10,12,15,15,78,PM25,SEDANG
202401,2024-01-16,DKI4 Lubang Buaya,49,62,11,6,11,9,62,PM25,SEDANG
202401,2024-01-17,DKI4 Lubang Buaya,42,56,10,7,8,9,56,PM25,SEDANG
202401,2024-01-18,DKI4 Lubang Buaya,53,67,13,13,6,12,67,PM25,SEDANG
202401,2024-01-19,DKI4 Lubang Buaya,30,36,24,7,6,8,36,PM25,BAIK
202401,2024-01-20,DKI4 Lubang Buaya,28,46,24,8,7,8,46,PM25,BAIK
202401,2024-01-21,DKI4 Lubang Buaya,50,64,24,8,7,6,64,PM25,SEDANG
202401,2024-01-22,DKI4 Lubang Buaya,31,50,24,4,7,3,50,PM25,BAIK
202401,2024-01-23,DKI4 Lubang Buaya,36,58,24,5,9,6,58,PM25,SEDANG
202401,2024-01-24,DKI4 Lubang Buaya,46,61,24,6,7,6,61,PM25,SEDANG
202401,2024-01-25,DKI4 Lubang Buaya,46,62,25,7,12,8,62,PM25,SEDANG
202401,2024-01-26,DKI4 Lubang Buaya,58,77,27,7,16,14,77,PM25,SEDANG
202401,2024-01-27,DKI4 Lubang Buaya,38,47,24,5,11,10,47,PM25,BAIK
202401,2024-01-28,DKI4 Lubang Buaya,43,59,24,16,10,14,59,PM25,SEDANG
202401,2024-01-29,DKI4 Lubang Buaya,51,63,24,14,11,13,63,PM25,SEDANG
202401,2024-01-30,DKI4 Lubang Buaya,71,82,24,23,13,12,82,PM25,SEDANG
202401,2024-01-31,DKI4 Lubang Buaya,40,57,25,7,17,15,57,PM25,SEDANG
202401,2024-01-01,DKI5 Kebon Jeruk Jakarta Barat,58,99,40,18,55,12,99,PM25,SEDANG
202401,2024-01-02,DKI5 Kebon Jeruk Jakarta Barat,40,68,40,9,65,11,68,PM25,SEDANG
202401,2024-01-03,DKI5 Kebon Jeruk Jakarta Barat,32,54,39,7,63,10,63,O3,SEDANG
202401,2024-01-04,DKI5 Kebon Jeruk Jakarta Barat,38,59,46,10,55,12,59,PM25,SEDANG
202401,2024-01-05,DKI5 Kebon Jeruk Jakarta Barat,30,52,37,15,48,15,52,PM25,SEDANG
202401,2024-01-06,DKI5 Kebon Jeruk Jakarta Barat,32,64,39,12,61,14,64,PM25,SEDANG
202401,2024-01-07,DKI5 Kebon Jeruk Jakarta Barat,53,86,40,23,62,N/A,86,PM25,SEDANG
202401,2024-01-08,DKI5 Kebon Jeruk Jakarta Barat,37,55,38,12,43,N/A,55,PM25,SEDANG
202401,2024-01-09,DKI5 Kebon Jeruk Jakarta Barat,54,81,21,18,35,3,81,PM25,SEDANG
202401,2024-01-10,DKI5 Kebon Jeruk Jakarta Barat,43,73,18,11,70,7,73,PM25,SEDANG
202401,2024-01-11,DKI5 Kebon Jeruk Jakarta Barat,37,60,12,57,51,6,60,PM25,SEDANG
202401,2024-01-12,DKI5 Kebon Jeruk Jakarta Barat,28,20,11,6,43,4,43,O3,BAIK
202401,2024-01-13,DKI5 Kebon Jeruk Jakarta Barat,25,52,21,8,38,6,52,PM25,SEDANG
202401,2024-01-14,DKI5 Kebon Jeruk Jakarta Barat,30,50,19,8,58,6,58,O3,SEDANG
202401,2024-01-15,DKI5 Kebon Jeruk Jakarta Barat,51,81,24,11,55,11,81,PM25,SEDANG
202401,2024-01-16,DKI5 Kebon Jeruk Jakarta Barat,23,49,24,5,43,6,49,PM25,BAIK
202401,2024-01-17,DKI5 Kebon Jeruk Jakarta Barat,34,57,39,7,47,8,57,PM25,SEDANG
202401,2024-01-18,DKI5 Kebon Jeruk Jakarta Barat,37,56,25,8,39,8,56,PM25,SEDANG
202401,2024-01-19,DKI5 Kebon Jeruk Jakarta Barat,16,29,19,6,46,6,46,O3,BAIK
202401,2024-01-20,DKI5 Kebon Jeruk Jakarta Barat,17,28,33,7,23,6,33,SO2,BAIK
202401,2024-01-21,DKI5 Kebon Jeruk Jakarta Barat,26,51,37,10,18,5,51,PM25,SEDANG
202401,2024-01-22,DKI5 Kebon Jeruk Jakarta Barat,14,23,31,9,19,2,31,SO2,BAIK
202401,2024-01-23,DKI5 Kebon Jeruk Jakarta Barat,17,40,31,9,17,3,40,PM25,BAIK
202401,2024-01-24,DKI5 Kebon Jeruk Jakarta Barat,23,44,32,10,17,3,44,PM25,BAIK
202401,2024-01-25,DKI5 Kebon Jeruk Jakarta Barat,36,60,38,12,19,4,60,PM25,SEDANG
202401,2024-01-26,DKI5 Kebon Jeruk Jakarta Barat,27,54,37,10,26,9,54,PM25,SEDANG
202401,2024-01-27,DKI5 Kebon Jeruk Jakarta Barat,25,28,30,8,35,12,35,O3,BAIK
202401,2024-01-28,DKI5 Kebon Jeruk Jakarta Barat,46,66,31,18,34,16,66,PM25,SEDANG
202401,2024-01-29,DKI5 Kebon Jeruk Jakarta Barat,30,53,29,14,35,14,53,PM25,SEDANG
202401,2024-01-30,DKI5 Kebon Jeruk Jakarta Barat,40,63,29,15,37,16,63,PM25,SEDANG
202401,2024-01-31,DKI5 Kebon Jeruk Jakarta Barat,22,49,33,9,40,17,49,PM25,BAIK
202401,2024-01-01,DKI3 Jagakarsa,65,89,14,54,13,N/A,89,PM25,SEDANG
202401,2024-01-02,DKI3 Jagakarsa,52,73,14,38,17,N/A,73,PM25,SEDANG
202401,2024-01-03,DKI3 Jagakarsa,47,57,14,31,9,N/A,57,PM25,SEDANG
202401,2024-01-04,DKI3 Jagakarsa,54,73,14,34,13,N/A,73,PM25,SEDANG
202401,2024-01-05,DKI3 Jagakarsa,39,58,15,46,14,N/A,58,PM25,SEDANG
202401,2024-01-06,DKI3 Jagakarsa,45,67,15,34,22,3,67,PM25,SEDANG
202401,2024-01-07,DKI3 Jagakarsa,54,70,15,70,14,24,70,PM25,SEDANG
202401,2024-01-08,DKI3 Jagakarsa,51,72,15,68,20,15,72,PM25,SEDANG
202401,2024-01-09,DKI3 Jagakarsa,55,67,15,46,13,22,67,PM25,SEDANG
202401,2024-01-10,DKI3 Jagakarsa,47,67,34,11,20,42,67,PM25,SEDANG
202401,2024-01-11,DKI3 Jagakarsa,58,80,35,15,17,43,80,PM25,SEDANG
202401,2024-01-12,DKI3 Jagakarsa,37,48,43,8,3,56,56,null,SEDANG
202401,2024-01-13,DKI3 Jagakarsa,50,66,44,7,11,55,66,PM25,SEDANG
202401,2024-01-14,DKI3 Jagakarsa,42,52,43,10,10,57,57,null,SEDANG
202401,2024-01-15,DKI3 Jagakarsa,57,78,43,17,5,54,78,PM25,SEDANG
202401,2024-01-16,DKI3 Jagakarsa,47,60,44,7,6,57,60,PM25,SEDANG
202401,2024-01-17,DKI3 Jagakarsa,50,65,46,8,5,N/A,65,PM25,SEDANG
202401,2024-01-18,DKI3 Jagakarsa,56,76,49,13,6,23,76,PM25,SEDANG
202401,2024-01-19,DKI3 Jagakarsa,32,34,45,6,9,76,76,null,SEDANG
202401,2024-01-20,DKI3 Jagakarsa,32,45,44,7,8,66,66,null,SEDANG
202404,2024-04-02,DKI4 Lubang Buaya,81,112,27,26,10,11,112,PM25,TIDAK SEHAT
202404,2024-04-03,DKI4 Lubang Buaya,70,97,27,20,15,8,97,PM25,SEDANG
202404,2024-04-04,DKI4 Lubang Buaya,49,70,27,30,13,11,70,PM25,SEDANG
202404,2024-04-05,DKI4 Lubang Buaya,86,116,28,34,11,9,116,PM25,TIDAK SEHAT
202404,2024-04-06,DKI4 Lubang Buaya,61,92,28,28,14,12,92,PM25,SEDANG
202404,2024-04-07,DKI4 Lubang Buaya,60,83,28,19,19,7,83,PM25,SEDANG
202404,2024-04-08,DKI4 Lubang Buaya,55,76,28,20,19,9,76,PM25,SEDANG
202404,2024-04-09,DKI4 Lubang Buaya,53,77,28,20,19,11,77,PM25,SEDANG
202404,2024-04-10,DKI4 Lubang Buaya,73,96,28,33,14,10,96,PM25,SEDANG
202404,2024-04-11,DKI4 Lubang Buaya,45,62,28,17,15,8,62,PM25,SEDANG
202404,2024-04-12,DKI4 Lubang Buaya,31,51,28,13,12,5,51,PM25,SEDANG
202404,2024-04-13,DKI4 Lubang Buaya,44,61,28,23,9,7,61,PM25,SEDANG
202404,2024-04-14,DKI4 Lubang Buaya,37,60,28,15,13,6,60,PM25,SEDANG
202404,2024-04-15,DKI4 Lubang Buaya,31,54,28,18,10,6,54,PM25,SEDANG
202404,2024-04-16,DKI4 Lubang Buaya,43,64,28,16,11,6,64,PM25,SEDANG
202404,2024-04-17,DKI4 Lubang Buaya,51,76,28,17,19,8,76,PM25,SEDANG
202404,2024-04-18,DKI4 Lubang Buaya,52,67,28,21,14,10,67,PM25,SEDANG
202404,2024-04-19,DKI4 Lubang Buaya,44,64,28,21,12,9,64,PM25,SEDANG
202404,2024-04-20,DKI4 Lubang Buaya,69,95,29,22,9,7,95,PM25,SEDANG
202404,2024-04-21,DKI4 Lubang Buaya,58,76,28,18,10,6,76,PM25,SEDANG
202404,2024-04-22,DKI4 Lubang Buaya,64,83,29,26,9,7,83,PM25,SEDANG
202404,2024-04-23,DKI4 Lubang Buaya,63,84,29,23,11,6,84,PM25,SEDANG
202404,2024-04-24,DKI4 Lubang Buaya,53,74,28,21,14,8,74,PM25,SEDANG
202404,2024-04-25,DKI4 Lubang Buaya,58,79,28,13,12,8,79,PM25,SEDANG
202404,2024-04-26,DKI4 Lubang Buaya,56,71,29,12,13,6,71,PM25,SEDANG
202404,2024-04-27,DKI4 Lubang Buaya,62,80,29,18,10,3,80,PM25,SEDANG
202404,2024-04-28,DKI4 Lubang Buaya,60,80,29,24,14,3,80,PM25,SEDANG
202404,2024-04-29,DKI4 Lubang Buaya,60,81,29,13,18,5,81,PM25,SEDANG
202404,2024-04-30,DKI4 Lubang Buaya,70,91,29,16,18,6,91,PM25,SEDANG
202404,2024-04-01,DKI5 Kebon Jeruk,64,104,22,30,76,28,104,PM25,TIDAK SEHAT
202404,2024-04-02,DKI5 Kebon Jeruk,72,120,23,35,69,32,120,PM25,TIDAK SEHAT
202404,2024-04-03,DKI5 Kebon Jeruk,58,95,24,24,74,27,95,PM25,SEDANG
202404,2024-04-04,DKI5 Kebon Jeruk,51,77,24,28,62,24,77,PM25,SEDANG
202404,2024-04-05,DKI5 Kebon Jeruk,74,125,22,31,69,27,125,PM25,TIDAK SEHAT
202404,2024-04-06,DKI5 Kebon Jeruk,55,83,24,22,55,15,83,PM25,SEDANG
202404,2024-04-07,DKI5 Kebon Jeruk,52,77,24,20,71,12,77,PM25,SEDANG
202404,2024-04-08,DKI5 Kebon Jeruk,45,73,25,18,77,13,77,O3,SEDANG
202404,2024-04-09,DKI5 Kebon Jeruk,41,68,27,15,60,10,68,PM25,SEDANG
202404,2024-04-10,DKI5 Kebon Jeruk,57,85,24,25,62,17,85,PM25,SEDANG
202404,2024-04-11,DKI5 Kebon Jeruk,35,58,24,17,62,15,62,O3,SEDANG
202404,2024-04-12,DKI5 Kebon Jeruk,25,51,22,14,74,8,74,O3,SEDANG
202404,2024-04-13,DKI5 Kebon Jeruk,35,61,24,23,62,16,62,O3,SEDANG
202404,2024-04-14,DKI5 Kebon Jeruk,28,55,22,15,79,8,79,O3,SEDANG
202404,2024-04-15,DKI5 Kebon Jeruk,30,54,23,20,62,14,62,O3,SEDANG
202404,2024-04-16,DKI5 Kebon Jeruk,23,53,25,17,60,11,60,O3,SEDANG
202404,2024-04-17,DKI5 Kebon Jeruk,41,71,23,18,77,14,77,O3,SEDANG
202404,2024-04-18,DKI5 Kebon Jeruk,44,69,23,21,67,18,69,PM25,SEDANG
202404,2024-04-19,DKI5 Kebon Jeruk,34,61,25,18,57,19,61,PM25,SEDANG
202404,2024-04-20,DKI5 Kebon Jeruk,57,90,27,25,59,19,90,PM25,SEDANG
202404,2024-04-21,DKI5 Kebon Jeruk,68,60,23,20,67,15,68,PM10,SEDANG
202404,2024-04-22,DKI5 Kebon Jeruk,56,85,24,26,56,22,85,PM25,SEDANG
202403,2024-03-30,DKI1 Bundaran Hotel Indonesia (HI),56,75,16,21,29,44,75,PM25,SEDANG
202403,2024-03-31,DKI1 Bundaran Hotel Indonesia (HI),53,79,12,23,32,41,79,PM25,SEDANG
202403,2024-03-01,DKI2 Kelapa Gading,53,66,54,23,12,76,76,N/A,SEDANG
202403,2024-03-02,DKI2 Kelapa Gading,50,62,55,10,20,42,62,PM25,SEDANG
202403,2024-03-03,DKI2 Kelapa Gading,35,41,54,6,20,31,54,SO2,SEDANG
202403,2024-03-04,DKI2 Kelapa Gading,39,55,54,8,22,32,55,PM25,SEDANG
202403,2024-03-05,DKI2 Kelapa Gading,30,54,54,9,20,31,54,PM25,SEDANG
202403,2024-03-06,DKI2 Kelapa Gading,31,51,54,5,19,19,54,SO2,SEDANG
202403,2024-03-07,DKI2 Kelapa Gading,31,46,55,6,19,25,55,SO2,SEDANG
202403,2024-03-08,DKI2 Kelapa Gading,24,44,54,4,20,12,54,SO2,SEDANG
202403,2024-03-09,DKI2 Kelapa Gading,33,45,55,6,13,24,55,SO2,SEDANG
202403,2024-03-10,DKI2 Kelapa Gading,63,86,55,30,14,85,86,PM25,SEDANG
202403,2024-03-11,DKI2 Kelapa Gading,46,61,54,10,19,37,61,PM25,SEDANG
202403,2024-03-12,DKI2 Kelapa Gading,33,55,54,3,23,14,55,PM25,SEDANG
202403,2024-03-13,DKI2 Kelapa Gading,41,58,54,5,22,22,58,PM25,SEDANG
202403,2024-03-14,DKI2 Kelapa Gading,37,50,54,4,23,21,54,SO2,SEDANG
202403,2024-03-15,DKI2 Kelapa Gading,36,44,54,10,15,36,54,SO2,SEDANG
202403,2024-03-16,DKI2 Kelapa Gading,26,32,54,6,18,18,54,SO2,SEDANG
202403,2024-03-01,DKI1 Bundaran Hotel Indonesia (HI),45,62,14,30,23,37,62,PM25,SEDANG
202403,2024-03-02,DKI1 Bundaran Hotel Indonesia (HI),43,64,17,22,15,37,64,PM25,SEDANG
202403,2024-03-03,DKI1 Bundaran Hotel Indonesia (HI),33,51,17,20,22,27,51,PM25,SEDANG
202403,2024-03-04,DKI1 Bundaran Hotel Indonesia (HI),34,54,14,19,20,25,54,PM25,SEDANG
202403,2024-03-05,DKI1 Bundaran Hotel Indonesia (HI),24,43,13,19,20,22,43,PM25,BAIK
202403,2024-03-06,DKI1 Bundaran Hotel Indonesia (HI),25,38,15,17,17,21,38,PM25,BAIK
202403,2024-03-07,DKI1 Bundaran Hotel Indonesia (HI),23,35,14,17,20,21,35,PM25,BAIK
202403,2024-03-08,DKI1 Bundaran Hotel Indonesia (HI),19,34,13,15,22,15,34,PM25,BAIK
202403,2024-03-09,DKI1 Bundaran Hotel Indonesia (HI),29,30,17,17,19,21,30,PM25,BAIK
202403,2024-03-10,DKI1 Bundaran Hotel Indonesia (HI),53,72,17,27,20,35,72,PM25,SEDANG
202403,2024-03-11,DKI1 Bundaran Hotel Indonesia (HI),35,47,12,17,14,21,47,PM25,BAIK
202403,2024-03-12,DKI1 Bundaran Hotel Indonesia (HI),31,50,11,13,21,19,50,PM25,BAIK
202403,2024-03-13,DKI1 Bundaran Hotel Indonesia (HI),42,60,14,15,19,25,60,PM25,SEDANG
202403,2024-03-14,DKI1 Bundaran Hotel Indonesia (HI),36,52,12,17,17,29,52,PM25,SEDANG
202403,2024-03-15,DKI1 Bundaran Hotel Indonesia (HI),32,44,15,16,22,22,44,PM25,BAIK
202403,2024-03-16,DKI1 Bundaran Hotel Indonesia (HI),23,27,13,13,23,20,27,PM25,BAIK
202403,2024-03-17,DKI1 Bundaran Hotel Indonesia (HI),24,37,14,12,21,16,37,PM25,BAIK
202403,2024-03-18,DKI1 Bundaran Hotel Indonesia (HI),22,35,16,11,20,17,35,PM25,BAIK
202403,2024-03-19,DKI1 Bundaran Hotel Indonesia (HI),29,47,14,13,18,18,47,PM25,BAIK
202403,2024-03-20,DKI1 Bundaran Hotel Indonesia (HI),27,47,13,17,10,16,47,PM25,BAIK
202403,2024-03-21,DKI1 Bundaran Hotel Indonesia (HI),28,51,18,16,11,18,51,PM25,SEDANG
202403,2024-03-22,DKI1 Bundaran Hotel Indonesia (HI),24,28,10,17,17,26,28,PM25,BAIK
202403,2024-03-23,DKI1 Bundaran Hotel Indonesia (HI),63,100,15,31,30,47,100,PM25,SEDANG
202403,2024-03-24,DKI1 Bundaran Hotel Indonesia (HI),52,71,13,15,38,30,71,PM25,SEDANG
202403,2024-03-25,DKI1 Bundaran Hotel Indonesia (HI),44,64,13,16,25,39,64,PM25,SEDANG
202403,2024-03-26,DKI1 Bundaran Hotel Indonesia (HI),52,73,13,21,25,37,73,PM25,SEDANG
202403,2024-03-27,DKI1 Bundaran Hotel Indonesia (HI),57,77,13,22,17,43,77,PM25,SEDANG
202403,2024-03-28,DKI1 Bundaran Hotel Indonesia (HI),62,92,19,22,33,45,92,PM25,SEDANG
202403,2024-03-29,DKI1 Bundaran Hotel Indonesia (HI),62,90,16,19,35,50,90,PM25,SEDANG
202403,2024-03-30,DKI3 Jagakarsa,45,16,51,14,15,48,51,SO2,SEDANG
202403,2024-03-31,DKI3 Jagakarsa,49,12,27,34,17,13,49,PM10,BAIK
202403,2024-03-01,DKI4 Lubang Buaya,55,69,25,28,8,6,69,PM25,SEDANG
202403,2024-03-02,DKI4 Lubang Buaya,59,72,26,21,8,7,72,PM25,SEDANG
202403,2024-03-03,DKI4 Lubang Buaya,46,58,26,21,6,7,58,PM25,SEDANG
202403,2024-03-04,DKI4 Lubang Buaya,49,61,26,25,8,5,61,PM25,SEDANG
202403,2024-03-05,DKI4 Lubang Buaya,39,56,26,22,6,4,56,PM25,SEDANG
202403,2024-03-17,DKI2 Kelapa Gading,27,34,55,6,15,17,55,SO2,SEDANG
202403,2024-03-18,DKI2 Kelapa Gading,26,33,55,5,16,17,55,SO2,SEDANG
202403,2024-03-19,DKI2 Kelapa Gading,32,46,55,5,17,21,55,SO2,SEDANG
202403,2024-03-20,DKI2 Kelapa Gading,26,52,54,6,15,19,54,SO2,SEDANG
202403,2024-03-21,DKI2 Kelapa Gading,31,55,55,5,17,19,55,PM25,SEDANG
202403,2024-03-22,DKI2 Kelapa Gading,26,34,54,4,19,26,54,SO2,SEDANG
202403,2024-03-23,DKI2 Kelapa Gading,70,111,55,22,28,82,111,PM25,TIDAK SEHAT
202403,2024-03-24,DKI2 Kelapa Gading,55,69,55,5,32,19,69,PM25,SEDANG
202403,2024-03-25,DKI2 Kelapa Gading,53,66,56,5,33,16,66,PM25,SEDANG
202403,2024-03-26,DKI2 Kelapa Gading,63,83,58,8,25,42,83,PM25,SEDANG
202403,2024-03-27,DKI2 Kelapa Gading,57,68,56,4,24,19,68,PM25,SEDANG
202403,2024-03-28,DKI2 Kelapa Gading,65,90,55,8,40,30,90,PM25,SEDANG
202403,2024-03-29,DKI2 Kelapa Gading,69,91,56,11,39,31,91,PM25,SEDANG
202403,2024-03-30,DKI2 Kelapa Gading,65,83,59,11,31,33,83,PM25,SEDANG
202403,2024-03-31,DKI2 Kelapa Gading,60,82,55,11,33,34,82,PM25,SEDANG
202403,2024-03-01,DKI3 Jagakarsa,46,66,50,14,15,28,66,PM25,SEDANG
202403,2024-03-02,DKI3 Jagakarsa,48,64,50,11,9,20,64,PM25,SEDANG
202403,2024-03-03,DKI3 Jagakarsa,48,57,50,12,5,20,57,PM25,SEDANG
202403,2024-03-04,DKI3 Jagakarsa,43,56,50,14,13,61,61,N/A,SEDANG
202403,2024-03-05,DKI3 Jagakarsa,44,56,50,9,13,62,62,N/A,SEDANG
202403,2024-03-06,DKI3 Jagakarsa,48,61,50,8,9,58,61,PM25,SEDANG
202403,2024-03-07,DKI3 Jagakarsa,38,52,50,6,10,52,52,PM25,SEDANG
202403,2024-03-08,DKI3 Jagakarsa,23,28,49,3,13,34,49,SO2,BAIK
202403,2024-03-09,DKI3 Jagakarsa,29,25,50,4,12,40,50,SO2,BAIK
202403,2024-03-10,DKI3 Jagakarsa,54,73,51,21,11,91,91,N/A,SEDANG
202403,2024-03-11,DKI3 Jagakarsa,51,63,51,20,N/A,79,79,N/A,SEDANG
202403,2024-03-12,DKI3 Jagakarsa,41,55,52,7,15,38,55,PM25,SEDANG
202403,2024-03-13,DKI3 Jagakarsa,54,68,51,9,16,44,68,PM25,SEDANG
202403,2024-03-14,DKI3 Jagakarsa,N/A,65,51,11,12,43,65,PM25,SEDANG
202403,2024-03-15,DKI3 Jagakarsa,23,40,51,8,10,62,62,N/A,SEDANG
202403,2024-03-16,DKI3 Jagakarsa,16,26,51,4,12,53,53,N/A,SEDANG
202403,2024-03-17,DKI3 Jagakarsa,18,21,51,5,10,58,58,N/A,SEDANG
202403,2024-03-18,DKI3 Jagakarsa,22,40,51,5,11,51,51,SO2,SEDANG
202403,2024-03-19,DKI3 Jagakarsa,43,63,51,9,10,75,75,N/A,SEDANG
202403,2024-03-20,DKI3 Jagakarsa,41,62,51,7,10,49,62,PM25,SEDANG
202403,2024-03-21,DKI3 Jagakarsa,50,68,51,8,13,62,68,PM25,SEDANG
202403,2024-03-22,DKI3 Jagakarsa,38,53,51,9,14,40,53,PM25,SEDANG
202403,2024-03-23,DKI3 Jagakarsa,59,99,51,27,21,106,106,N/A,TIDAK SEHAT
202403,2024-03-24,DKI3 Jagakarsa,54,73,51,10,25,31,73,PM25,SEDANG
202403,2024-03-25,DKI3 Jagakarsa,44,61,51,8,23,29,61,PM25,SEDANG
202403,2024-03-26,DKI3 Jagakarsa,44,68,51,13,19,54,68,PM25,SEDANG
202403,2024-03-27,DKI3 Jagakarsa,57,84,52,15,18,37,84,PM25,SEDANG
202403,2024-03-28,DKI3 Jagakarsa,63,90,51,23,18,72,90,PM25,SEDANG
202403,2024-03-29,DKI3 Jagakarsa,56,16,51,13,20,29,56,PM10,SEDANG
202403,2024-03-06,DKI4 Lubang Buaya,37,55,26,18,5,3,55,PM25,SEDANG
202403,2024-03-07,DKI4 Lubang Buaya,31,47,26,18,6,2,47,PM25,BAIK
202403,2024-03-08,DKI4 Lubang Buaya,26,39,26,15,6,2,39,PM25,BAIK
202403,2024-03-09,DKI4 Lubang Buaya,30,30,26,16,6,3,30,PM10,BAIK
202403,2024-03-10,DKI4 Lubang Buaya,72,96,26,39,5,8,96,PM25,SEDANG
202403,2024-03-11,DKI4 Lubang Buaya,70,78,26,27,8,4,78,PM25,SEDANG
202403,2024-03-12,DKI4 Lubang Buaya,37,53,26,17,6,2,53,PM25,SEDANG
202403,2024-03-13,DKI4 Lubang Buaya,49,64,26,19,7,4,64,PM25,SEDANG
202403,2024-03-14,DKI4 Lubang Buaya,52,65,26,21,6,4,65,PM25,SEDANG
202403,2024-03-15,DKI4 Lubang Buaya,38,45,26,21,6,4,45,PM25,BAIK
202403,2024-03-16,DKI4 Lubang Buaya,24,31,26,17,5,3,31,PM25,BAIK
202403,2024-03-17,DKI4 Lubang Buaya,23,31,26,16,5,4,31,PM25,BAIK
202403,2024-03-18,DKI4 Lubang Buaya,30,51,26,17,4,3,51,PM25,SEDANG
202403,2024-03-19,DKI4 Lubang Buaya,53,67,27,20,4,3,67,PM25,SEDANG
202403,2024-03-20,DKI4 Lubang Buaya,43,59,27,19,3,4,59,PM25,SEDANG
202403,2024-03-21,DKI4 Lubang Buaya,48,67,27,21,4,4,67,PM25,SEDANG
202403,2024-03-22,DKI4 Lubang Buaya,N/A,N/A,N/A,N/A,N/A,N/A,N/A,N/A,TIDAK ADA DATA
202403,2024-03-23,DKI4 Lubang Buaya,70,122,27,40,8,11,122,PM25,TIDAK SEHAT
202403,2024-03-24,DKI4 Lubang Buaya,57,78,27,18,11,7,78,PM25,SEDANG
202403,2024-03-25,DKI4 Lubang Buaya,50,69,27,17,12,4,69,PM25,SEDANG
202403,2024-03-26,DKI4 Lubang Buaya,N/A,93,27,23,9,7,93,PM25,SEDANG
202403,2024-03-27,DKI4 Lubang Buaya,64,92,27,25,8,9,92,PM25,SEDANG
202403,2024-03-28,DKI4 Lubang Buaya,90,128,27,27,12,10,128,PM25,TIDAK SEHAT
202403,2024-03-29,DKI4 Lubang Buaya,74,96,27,23,10,11,96,PM25,SEDANG
202403,2024-03-30,DKI4 Lubang Buaya,62,86,27,23,13,9,86,PM25,SEDANG
202403,2024-03-31,DKI4 Lubang Buaya,61,82,27,27,13,9,82,PM25,SEDANG
202403,2024-03-01,DKI5 Kebon Jeruk,52,82,21,29,50,13,82,PM25,SEDANG
202403,2024-03-02,DKI5 Kebon Jeruk,41,69,23,21,54,21,69,PM25,SEDANG
202403,2024-03-03,DKI5 Kebon Jeruk,35,54,22,19,51,14,54,PM25,SEDANG
202403,2024-03-04,DKI5 Kebon Jeruk,33,60,22,18,42,10,60,PM25,SEDANG
202403,2024-03-05,DKI5 Kebon Jeruk,18,38,21,14,46,6,46,O3,BAIK
202403,2024-03-06,DKI5 Kebon Jeruk,18,34,23,13,49,6,49,O3,BAIK
202403,2024-03-07,DKI5 Kebon Jeruk,22,28,22,13,48,6,48,O3,BAIK
202403,2024-03-08,DKI5 Kebon Jeruk,17,28,22,12,46,4,46,O3,BAIK
202403,2024-03-09,DKI5 Kebon Jeruk,27,41,25,14,45,10,45,O3,BAIK
202403,2024-03-10,DKI5 Kebon Jeruk,56,92,25,36,48,18,92,PM25,SEDANG
202403,2024-03-11,DKI5 Kebon Jeruk,42,60,20,24,57,9,60,PM25,SEDANG
202403,2024-03-12,DKI5 Kebon Jeruk,30,56,21,15,51,10,56,PM25,SEDANG
202403,2024-03-13,DKI5 Kebon Jeruk,40,64,22,17,53,13,64,PM25,SEDANG
202403,2024-03-14,DKI5 Kebon Jeruk,35,61,21,18,57,16,61,PM25,SEDANG
202403,2024-03-15,DKI5 Kebon Jeruk,32,45,23,16,43,9,45,PM25,BAIK
202403,2024-03-16,DKI5 Kebon Jeruk,21,33,23,14,46,9,46,O3,BAIK
202403,2024-03-17,DKI5 Kebon Jeruk,26,39,23,12,45,7,45,O3,BAIK
202403,2024-03-18,DKI5 Kebon Jeruk,18,39,27,12,41,7,41,O3,BAIK
202403,2024-03-19,DKI5 Kebon Jeruk,21,50,23,14,34,6,50,PM25,BAIK
202403,2024-03-20,DKI5 Kebon Jeruk,23,54,22,15,22,5,54,PM25,SEDANG
202403,2024-03-21,DKI5 Kebon Jeruk,40,65,27,16,31,7,65,PM25,SEDANG
202403,2024-03-22,DKI5 Kebon Jeruk,31,43,21,17,55,14,55,O3,SEDANG
202403,2024-03-23,DKI5 Kebon Jeruk,59,108,23,39,59,19,108,PM25,TIDAK SEHAT
202403,2024-03-24,DKI5 Kebon Jeruk,54,83,25,19,74,16,83,PM25,SEDANG
202403,2024-03-25,DKI5 Kebon Jeruk,42,64,30,18,65,15,65,O3,SEDANG
202403,2024-03-26,DKI5 Kebon Jeruk,51,81,25,23,58,22,81,PM25,SEDANG
202403,2024-03-27,DKI5 Kebon Jeruk,56,86,24,23,59,25,86,PM25,SEDANG
202403,2024-03-28,DKI5 Kebon Jeruk,63,109,27,26,61,22,109,PM25,TIDAK SEHAT
202403,2024-03-29,DKI5 Kebon Jeruk,65,104,27,24,70,26,104,PM25,TIDAK SEHAT
202403,2024-03-30,DKI5 Kebon Jeruk,60,87,24,25,68,21,87,PM25,SEDANG
202403,2024-03-31,DKI5 Kebon Jeruk,57,94,22,28,79,22,94,PM25,SEDANG
202404,2024-04-23,DKI5 Kebon Jeruk,52,78,23,22,61,20,78,PM25,SEDANG
202404,2024-04-24,DKI5 Kebon Jeruk,52,78,25,21,70,20,78,PM25,SEDANG
202404,2024-04-25,DKI5 Kebon Jeruk,49,75,23,22,83,22,83,O3,SEDANG
202404,2024-04-26,DKI5 Kebon Jeruk,47,70,30,14,45,13,70,PM25,SEDANG
202404,2024-04-27,DKI5 Kebon Jeruk,51,75,23,26,59,17,75,PM25,SEDANG
202404,2024-04-28,DKI5 Kebon Jeruk,49,72,23,20,68,15,72,PM25,SEDANG
202404,2024-04-29,DKI5 Kebon Jeruk,44,66,24,17,72,12,72,O3,SEDANG
202404,2024-04-30,DKI5 Kebon Jeruk,47,75,24,18,73,17,75,PM25,SEDANG
202405,2024-05-01,DKI1 Bunderan HI,47,63,15,19,26,34,63,PM25,SEDANG
202405,2024-05-02,DKI1 Bunderan HI,54,75,14,18,27,30,75,PM25,SEDANG
202405,2024-05-03,DKI1 Bunderan HI,58,85,13,24,30,43,85,PM25,SEDANG
202405,2024-05-04,DKI1 Bunderan HI,62,87,14,24,25,50,87,PM25,SEDANG
202405,2024-05-05,DKI1 Bunderan HI,60,88,14,27,22,47,88,PM25,SEDANG
202405,2024-05-06,DKI1 Bunderan HI,59,82,15,18,26,38,82,PM25,SEDANG
202405,2024-05-07,DKI1 Bunderan HI,64,92,16,20,23,42,92,PM25,SEDANG
202405,2024-05-08,DKI1 Bunderan HI,63,87,19,18,20,47,87,PM25,SEDANG
202405,2024-05-09,DKI1 Bunderan HI,62,93,16,18,22,44,93,PM25,SEDANG
202405,2024-05-10,DKI1 Bunderan HI,56,84,19,12,30,27,84,PM25,SEDANG
202405,2024-05-11,DKI1 Bunderan HI,52,74,18,11,28,27,74,PM25,SEDANG
202405,2024-05-12,DKI1 Bunderan HI,53,75,18,10,28,27,75,PM25,SEDANG
202405,2024-05-13,DKI1 Bunderan HI,52,64,16,8,25,25,64,PM25,SEDANG
202405,2024-05-14,DKI1 Bunderan HI,61,85,18,10,28,39,85,PM25,SEDANG
202405,2024-05-15,DKI1 Bunderan HI,62,78,14,20,26,40,78,PM25,SEDANG
202405,2024-05-16,DKI1 Bunderan HI,65,98,19,17,28,40,98,PM25,SEDANG
202405,2024-05-17,DKI1 Bunderan HI,64,86,17,17,21,39,86,PM25,SEDANG
202405,2024-05-18,DKI1 Bunderan HI,67,97,18,20,18,48,97,PM25,SEDANG
202405,2024-05-19,DKI1 Bunderan HI,63,92,15,17,25,36,92,PM25,SEDANG
202405,2024-05-20,DKI1 Bunderan HI,65,91,17,15,26,32,91,PM25,SEDANG
202405,2024-05-21,DKI1 Bunderan HI,62,97,25,14,23,45,97,PM25,SEDANG
202405,2024-05-22,DKI1 Bunderan HI,65,92,20,12,24,37,92,PM25,SEDANG
202405,2024-05-23,DKI1 Bunderan HI,59,78,20,11,22,32,78,PM25,SEDANG
202405,2024-05-24,DKI1 Bunderan HI,60,74,16,13,19,30,74,PM25,SEDANG
202405,2024-05-25,DKI1 Bunderan HI,39,53,12,15,16,30,53,PM25,SEDANG
202405,2024-05-26,DKI1 Bunderan HI,61,82,26,21,19,38,82,PM25,SEDANG
202405,2024-05-27,DKI1 Bunderan HI,64,92,22,15,25,39,92,PM25,SEDANG
202405,2024-05-28,DKI1 Bunderan HI,67,100,18,14,29,42,100,PM25,SEDANG
202405,2024-05-29,DKI1 Bunderan HI,64,86,19,10,32,36,86,PM25,SEDANG
202405,2024-05-30,DKI1 Bunderan HI,59,85,19,8,29,38,85,PM25,SEDANG
202405,2024-05-31,DKI1 Bunderan HI,70,101,17,10,27,44,101,PM25,TIDAK SEHAT
202405,2024-05-01,DKI2 Kelapa Gading,51,66,55,6,24,13,66,PM25,SEDANG
202405,2024-05-02,DKI2 Kelapa Gading,60,79,55,7,24,11,79,PM25,SEDANG
202405,2024-05-03,DKI2 Kelapa Gading,59,83,55,8,32,14,83,PM25,SEDANG
202405,2024-05-04,DKI2 Kelapa Gading,65,89,55,12,22,24,89,PM25,SEDANG
202405,2024-05-05,DKI2 Kelapa Gading,64,94,56,18,20,43,94,PM25,SEDANG
202405,2024-05-06,DKI2 Kelapa Gading,69,90,55,10,25,19,90,PM25,SEDANG
202405,2024-05-07,DKI2 Kelapa Gading,72,97,55,12,21,27,97,PM25,SEDANG
202402,2024-02-22,DKI2 Kelapa Gading,58,70,56,9,19,32,70,PM25,SEDANG
202402,2024-02-23,DKI2 Kelapa Gading,49,62,56,9,16,39,62,PM25,SEDANG
202402,2024-02-24,DKI2 Kelapa Gading,47,57,55,7,12,40,57,PM25,SEDANG
202402,2024-02-25,DKI2 Kelapa Gading,28,39,56,4,16,15,56,SO2,SEDANG
202402,2024-02-26,DKI2 Kelapa Gading,23,30,54,5,18,22,54,SO2,SEDANG
202402,2024-02-27,DKI2 Kelapa Gading,59,71,55,14,11,68,71,PM25,SEDANG
202402,2024-02-28,DKI2 Kelapa Gading,51,62,57,9,11,54,62,PM25,SEDANG
202402,2024-02-29,DKI2 Kelapa Gading,32,35,54,9,13,36,54,SO2,SEDANG
202402,2024-02-01,DKI3 Jagakarsa,52,71,48,16,16,21,71,PM25,SEDANG
202402,2024-02-02,DKI3 Jagakarsa,39,53,47,12,10,33,53,PM25,SEDANG
202402,2024-02-03,DKI3 Jagakarsa,33,45,48,9,9,33,48,SO2,BAIK
202402,2024-02-04,DKI3 Jagakarsa,31,49,48,5,7,17,49,PM25,BAIK
202402,2024-02-05,DKI3 Jagakarsa,52,74,49,14,12,40,74,PM25,SEDANG
202402,2024-02-06,DKI3 Jagakarsa,61,74,50,16,9,37,74,PM25,SEDANG
202402,2024-02-07,DKI3 Jagakarsa,35,52,48,9,9,28,52,PM25,SEDANG
202402,2024-02-08,DKI3 Jagakarsa,56,75,50,22,8,80,80,N/A,SEDANG
202402,2024-02-09,DKI3 Jagakarsa,49,67,54,9,16,17,67,PM25,SEDANG
202402,2024-02-10,DKI3 Jagakarsa,52,63,51,7,21,8,63,PM25,SEDANG
202402,2024-02-11,DKI3 Jagakarsa,50,68,50,19,14,52,68,PM25,SEDANG
202402,2024-02-12,DKI3 Jagakarsa,50,64,50,12,15,19,64,PM25,SEDANG
202402,2024-02-13,DKI3 Jagakarsa,57,72,52,14,18,187,187,N/A,TIDAK SEHAT
202402,2024-02-14,DKI3 Jagakarsa,43,55,51,10,20,202,202,N/A,SANGAT TIDAK SEHAT
202402,2024-02-15,DKI3 Jagakarsa,41,63,51,13,16,N/A,63,PM25,SEDANG
202402,2024-02-16,DKI3 Jagakarsa,64,87,53,19,12,22,87,PM25,SEDANG
202402,2024-02-17,DKI3 Jagakarsa,53,70,52,16,10,12,70,PM25,SEDANG
202402,2024-02-18,DKI3 Jagakarsa,47,63,50,14,15,8,63,PM25,SEDANG
202402,2024-02-19,DKI3 Jagakarsa,50,67,49,17,19,12,67,PM25,SEDANG
202402,2024-02-20,DKI3 Jagakarsa,65,93,50,15,21,13,93,PM25,SEDANG
202402,2024-02-21,DKI3 Jagakarsa,58,79,49,14,20,17,79,PM25,SEDANG
202402,2024-02-22,DKI3 Jagakarsa,59,71,48,12,8,17,71,PM25,SEDANG
202402,2024-02-23,DKI3 Jagakarsa,44,59,49,7,15,14,59,PM25,SEDANG
202402,2024-02-24,DKI3 Jagakarsa,44,62,49,6,13,29,62,PM25,SEDANG
202402,2024-02-25,DKI3 Jagakarsa,37,50,50,7,9,16,50,PM25,BAIK
202402,2024-02-26,DKI3 Jagakarsa,41,56,49,10,12,29,56,PM25,SEDANG
202402,2024-02-27,DKI3 Jagakarsa,64,88,50,20,14,19,88,PM25,SEDANG
202402,2024-02-28,DKI3 Jagakarsa,47,62,50,10,11,21,62,PM25,SEDANG
202402,2024-02-29,DKI3 Jagakarsa,54,13,50,12,12,41,54,PM10,SEDANG
202402,2024-02-01,DKI4 Lubang Buaya,68,90,25,15,18,14,90,PM25,SEDANG
202402,2024-02-02,DKI4 Lubang Buaya,50,59,24,10,12,9,59,PM25,SEDANG
202402,2024-02-03,DKI4 Lubang Buaya,N/A,56,25,7,11,10,56,PM25,SEDANG
202402,2024-02-01,DKI1 Bunderan HI,52,72,49,17,18,37,72,PM25,SEDANG
202402,2024-02-02,DKI1 Bunderan HI,50,62,49,12,19,26,62,PM25,SEDANG
202402,2024-02-03,DKI1 Bunderan HI,33,51,48,10,20,22,51,PM25,SEDANG
202402,2024-02-04,DKI1 Bunderan HI,24,38,46,9,16,14,46,SO2,BAIK
202402,2024-02-05,DKI1 Bunderan HI,38,67,47,13,18,28,67,PM25,SEDANG
202402,2024-02-06,DKI1 Bunderan HI,47,61,47,9,18,32,61,PM25,SEDANG
202402,2024-02-07,DKI1 Bunderan HI,32,49,49,8,15,22,49,PM25,BAIK
202402,2024-02-08,DKI1 Bunderan HI,42,60,47,6,15,20,60,PM25,SEDANG
202402,2024-02-09,DKI1 Bunderan HI,51,72,51,6,21,31,72,PM25,SEDANG
202402,2024-02-10,DKI1 Bunderan HI,46,57,51,7,28,20,57,PM25,SEDANG
202402,2024-02-11,DKI1 Bunderan HI,39,57,50,9,23,23,57,PM25,SEDANG
202402,2024-02-12,DKI1 Bunderan HI,33,54,50,7,25,23,54,PM25,SEDANG
202402,2024-02-13,DKI1 Bunderan HI,39,52,51,7,26,28,52,PM25,SEDANG
202402,2024-02-14,DKI1 Bunderan HI,25,38,52,8,26,24,52,SO2,SEDANG
202402,2024-02-15,DKI1 Bunderan HI,35,55,N/A,18,22,29,55,PM25,SEDANG
202402,2024-02-16,DKI1 Bunderan HI,57,73,20,28,20,40,73,PM25,SEDANG
202402,2024-02-17,DKI1 Bunderan HI,36,50,16,21,23,23,50,PM25,BAIK
202402,2024-02-18,DKI1 Bunderan HI,38,55,15,20,24,26,55,PM25,SEDANG
202402,2024-02-19,DKI1 Bunderan HI,46,66,16,24,14,39,66,PM25,SEDANG
202402,2024-02-20,DKI1 Bunderan HI,42,61,16,21,21,31,61,PM25,SEDANG
202402,2024-02-21,DKI1 Bunderan HI,52,73,20,32,24,37,73,PM25,SEDANG
202402,2024-02-22,DKI1 Bunderan HI,56,73,19,22,23,35,73,PM25,SEDANG
202402,2024-02-23,DKI1 Bunderan HI,38,56,16,20,23,29,56,PM25,SEDANG
202402,2024-02-24,DKI1 Bunderan HI,38,57,20,20,12,19,57,PM25,SEDANG
202402,2024-02-25,DKI1 Bunderan HI,26,37,20,16,22,19,37,PM25,BAIK
202402,2024-02-26,DKI1 Bunderan HI,25,42,13,17,18,24,42,PM25,BAIK
202402,2024-02-27,DKI1 Bunderan HI,44,63,14,25,16,32,63,PM25,SEDANG
202402,2024-02-28,DKI1 Bunderan HI,43,59,14,21,13,31,59,PM25,SEDANG
202402,2024-02-29,DKI1 Bunderan HI,33,44,13,22,14,29,44,PM25,BAIK
202402,2024-02-01,DKI2 Kelapa Gading,55,N/A,54,15,25,49,55,PM10,SEDANG
202402,2024-02-02,DKI2 Kelapa Gading,48,62,55,15,16,57,62,PM25,SEDANG
202402,2024-02-03,DKI2 Kelapa Gading,36,53,55,9,13,43,55,SO2,SEDANG
202402,2024-02-04,DKI2 Kelapa Gading,27,43,54,7,12,21,54,SO2,SEDANG
202402,2024-02-05,DKI2 Kelapa Gading,53,71,56,13,17,40,71,PM25,SEDANG
202402,2024-02-06,DKI2 Kelapa Gading,44,55,54,10,13,37,55,PM25,SEDANG
202402,2024-02-07,DKI2 Kelapa Gading,37,53,56,11,10,48,56,SO2,SEDANG
202402,2024-02-08,DKI2 Kelapa Gading,59,73,56,13,14,56,73,PM25,SEDANG
202402,2024-02-09,DKI2 Kelapa Gading,58,79,58,9,24,28,79,PM25,SEDANG
202402,2024-02-10,DKI2 Kelapa Gading,47,57,55,5,21,20,57,PM25,SEDANG
202402,2024-02-11,DKI2 Kelapa Gading,33,53,54,7,17,20,54,SO2,SEDANG
202402,2024-02-12,DKI2 Kelapa Gading,34,52,55,7,18,22,55,SO2,SEDANG
202402,2024-02-13,DKI2 Kelapa Gading,42,54,54,6,18,29,54,PM25,SEDANG
202402,2024-02-14,DKI2 Kelapa Gading,24,40,54,6,20,31,54,SO2,SEDANG
202402,2024-02-15,DKI2 Kelapa Gading,43,60,55,10,14,46,60,PM25,SEDANG
202402,2024-02-16,DKI2 Kelapa Gading,67,83,56,21,12,80,83,PM25,SEDANG
202402,2024-02-17,DKI2 Kelapa Gading,29,32,54,5,16,28,54,SO2,SEDANG
202402,2024-02-18,DKI2 Kelapa Gading,44,64,54,8,17,35,64,PM25,SEDANG
202402,2024-02-19,DKI2 Kelapa Gading,N/A,N/A,N/A,N/A,N/A,N/A,N/A,N/A,TIDAK ADA DATA
202402,2024-02-20,DKI2 Kelapa Gading,52,70,55,9,16,37,70,PM25,SEDANG
202402,2024-02-21,DKI2 Kelapa Gading,55,81,56,13,24,36,81,PM25,SEDANG
202402,2024-02-04,DKI4 Lubang Buaya,32,45,25,4,7,4,45,PM25,BAIK
202402,2024-02-05,DKI4 Lubang Buaya,54,77,25,10,6,5,77,PM25,SEDANG
202402,2024-02-06,DKI4 Lubang Buaya,64,74,25,15,6,7,74,PM25,SEDANG
202402,2024-02-07,DKI4 Lubang Buaya,40,58,25,6,4,6,58,PM25,SEDANG
202402,2024-02-08,DKI4 Lubang Buaya,64,90,25,10,4,4,90,PM25,SEDANG
202402,2024-02-09,DKI4 Lubang Buaya,67,86,26,N/A,7,5,86,PM25,SEDANG
202402,2024-02-10,DKI4 Lubang Buaya,57,74,25,N/A,8,5,74,PM25,SEDANG
202402,2024-02-11,DKI4 Lubang Buaya,63,85,25,9,6,6,85,PM25,SEDANG
202402,2024-02-12,DKI4 Lubang Buaya,61,80,25,4,5,6,80,PM25,SEDANG
202402,2024-02-13,DKI4 Lubang Buaya,53,67,25,7,8,6,67,PM25,SEDANG
202402,2024-02-14,DKI4 Lubang Buaya,49,62,25,16,8,6,62,PM25,SEDANG
202402,2024-02-15,DKI4 Lubang Buaya,53,76,25,24,7,8,76,PM25,SEDANG
202402,2024-02-16,DKI4 Lubang Buaya,81,103,25,24,6,11,103,PM25,TIDAK SEHAT
202402,2024-02-17,DKI4 Lubang Buaya,59,74,25,22,6,8,74,PM25,SEDANG
202402,2024-02-18,DKI4 Lubang Buaya,57,71,25,21,7,6,71,PM25,SEDANG
202402,2024-02-19,DKI4 Lubang Buaya,68,91,26,23,6,9,91,PM25,SEDANG
202402,2024-02-20,DKI4 Lubang Buaya,71,94,25,22,7,9,94,PM25,SEDANG
202402,2024-02-21,DKI4 Lubang Buaya,70,102,25,24,9,8,102,PM25,TIDAK SEHAT
202402,2024-02-22,DKI4 Lubang Buaya,70,86,25,21,8,9,86,PM25,SEDANG
202402,2024-02-23,DKI4 Lubang Buaya,46,61,25,20,7,6,61,PM25,SEDANG
202402,2024-02-24,DKI4 Lubang Buaya,54,67,25,18,6,2,67,PM25,SEDANG
202402,2024-02-25,DKI4 Lubang Buaya,37,52,25,15,8,3,52,PM25,SEDANG
202402,2024-02-26,DKI4 Lubang Buaya,36,52,25,18,7,4,52,PM25,SEDANG
202402,2024-02-27,DKI4 Lubang Buaya,70,96,26,28,5,7,96,PM25,SEDANG
202402,2024-02-28,DKI4 Lubang Buaya,N/A,N/A,N/A,N/A,N/A,N/A,N/A,N/A,TIDAK ADA DATA
202402,2024-02-29,DKI4 Lubang Buaya,57,59,25,22,6,6,59,PM25,SEDANG
202402,2024-02-01,DKI5 Kebon Jeruk Jakarta Barat,51,82,34,17,33,22,82,PM25,SEDANG
202402,2024-02-02,DKI5 Kebon Jeruk Jakarta Barat,47,68,26,18,28,9,68,PM25,SEDANG
202402,2024-02-03,DKI5 Kebon Jeruk Jakarta Barat,24,48,25,12,29,10,48,PM25,BAIK
202402,2024-02-04,DKI5 Kebon Jeruk Jakarta Barat,17,24,23,7,27,4,27,O3,BAIK
202402,2024-02-05,DKI5 Kebon Jeruk Jakarta Barat,35,68,24,15,32,12,68,PM25,SEDANG
202402,2024-02-06,DKI5 Kebon Jeruk Jakarta Barat,59,74,25,16,38,14,74,PM25,SEDANG
202402,2024-02-07,DKI5 Kebon Jeruk Jakarta Barat,31,52,27,11,25,8,52,PM25,SEDANG
202402,2024-02-08,DKI5 Kebon Jeruk Jakarta Barat,40,66,25,11,28,8,66,PM25,SEDANG
202402,2024-02-09,DKI5 Kebon Jeruk Jakarta Barat,45,77,37,12,41,18,77,PM25,SEDANG
202402,2024-02-10,DKI5 Kebon Jeruk Jakarta Barat,33,60,28,6,46,11,60,PM25,SEDANG
202402,2024-02-11,DKI5 Kebon Jeruk Jakarta Barat,46,69,26,14,31,13,69,PM25,SEDANG
202402,2024-02-12,DKI5 Kebon Jeruk Jakarta Barat,30,54,24,11,37,12,54,PM25,SEDANG
202402,2024-02-13,DKI5 Kebon Jeruk Jakarta Barat,31,54,22,9,39,12,54,PM25,SEDANG
202402,2024-02-14,DKI5 Kebon Jeruk Jakarta Barat,N/A,37,21,9,45,11,45,O3,BAIK
202402,2024-02-15,DKI5 Kebon Jeruk Jakarta Barat,32,58,24,11,38,15,58,PM25,SEDANG
202402,2024-02-16,DKI5 Kebon Jeruk Jakarta Barat,53,78,23,18,39,26,78,PM25,SEDANG
202402,2024-02-17,DKI5 Kebon Jeruk Jakarta Barat,43,67,22,12,32,18,67,PM25,SEDANG
202402,2024-02-18,DKI5 Kebon Jeruk Jakarta Barat,31,57,23,11,35,16,57,PM25,SEDANG
202402,2024-02-19,DKI5 Kebon Jeruk Jakarta Barat,49,81,22,19,31,23,81,PM25,SEDANG
202402,2024-02-20,DKI5 Kebon Jeruk Jakarta Barat,40,69,22,10,36,13,69,PM25,SEDANG
202402,2024-02-21,DKI5 Kebon Jeruk Jakarta Barat,55,94,20,12,115,18,115,O3,TIDAK SEHAT
202402,2024-02-22,DKI5 Kebon Jeruk Jakarta Barat,53,76,21,8,72,14,76,PM25,SEDANG
202402,2024-02-23,DKI5 Kebon Jeruk Jakarta Barat,29,58,19,7,59,10,59,O3,SEDANG
202402,2024-02-24,DKI5 Kebon Jeruk Jakarta Barat,28,53,24,9,59,8,59,O3,SEDANG
202402,2024-02-25,DKI5 Kebon Jeruk Jakarta Barat,25,50,30,14,35,9,50,PM25,BAIK
202402,2024-02-26,DKI5 Kebon Jeruk Jakarta Barat,24,41,23,17,45,14,45,O3,BAIK
202402,2024-02-27,DKI5 Kebon Jeruk Jakarta Barat,54,78,21,27,46,13,78,PM25,SEDANG
202402,2024-02-28,DKI5 Kebon Jeruk Jakarta Barat,33,60,22,20,48,18,60,PM25,SEDANG
202402,2024-02-29,DKI5 Kebon Jeruk Jakarta Barat,36,57,21,21,54,16,57,PM25,SEDANG
202405,2024-05-08,DKI2 Kelapa Gading,65,89,55,8,24,18,89,PM25,SEDANG
202405,2024-05-09,DKI2 Kelapa Gading,72,103,55,11,24,19,103,PM25,TIDAK SEHAT
202405,2024-05-10,DKI2 Kelapa Gading,68,103,55,8,23,13,103,PM25,TIDAK SEHAT
202405,2024-05-11,DKI2 Kelapa Gading,64,92,54,7,24,16,92,PM25,SEDANG
202405,2024-05-12,DKI2 Kelapa Gading,65,89,54,8,21,16,89,PM25,SEDANG
202405,2024-05-13,DKI2 Kelapa Gading,60,81,54,8,21,20,81,PM25,SEDANG
202405,2024-05-14,DKI2 Kelapa Gading,68,99,55,9,27,15,99,PM25,SEDANG
202405,2024-05-15,DKI2 Kelapa Gading,64,78,55,9,19,17,78,PM25,SEDANG
202405,2024-05-16,DKI2 Kelapa Gading,77,115,56,8,20,12,115,PM25,TIDAK SEHAT
202405,2024-05-17,DKI2 Kelapa Gading,72,102,56,12,20,20,102,PM25,TIDAK SEHAT
202405,2024-05-18,DKI2 Kelapa Gading,75,110,56,17,21,29,110,PM25,TIDAK SEHAT
202405,2024-05-19,DKI2 Kelapa Gading,67,95,56,14,22,19,95,PM25,SEDANG
202405,2024-05-20,DKI2 Kelapa Gading,71,99,56,12,24,12,99,PM25,SEDANG
202405,2024-05-21,DKI2 Kelapa Gading,77,106,57,12,25,16,106,PM25,TIDAK SEHAT
202405,2024-05-22,DKI2 Kelapa Gading,80,106,56,11,24,12,106,PM25,TIDAK SEHAT
202405,2024-05-23,DKI2 Kelapa Gading,71,91,56,10,19,19,91,PM25,SEDANG
202405,2024-05-24,DKI2 Kelapa Gading,60,81,56,11,16,20,81,PM25,SEDANG
202405,2024-05-25,DKI2 Kelapa Gading,35,55,55,10,14,15,55,PM25,SEDANG
202405,2024-05-26,DKI2 Kelapa Gading,59,78,56,17,16,34,78,PM25,SEDANG
202405,2024-05-27,DKI2 Kelapa Gading,70,97,56,12,24,15,97,PM25,SEDANG
202405,2024-05-28,DKI2 Kelapa Gading,79,106,56,12,22,18,106,PM25,TIDAK SEHAT
202405,2024-05-29,DKI2 Kelapa Gading,67,91,56,9,21,16,91,PM25,SEDANG
202405,2024-05-30,DKI2 Kelapa Gading,66,98,57,10,20,15,98,PM25,SEDANG
202405,2024-05-31,DKI2 Kelapa Gading,74,107,56,11,24,13,107,PM25,TIDAK SEHAT
202405,2024-05-01,DKI3 Jagakarsa,45,62,54,8,13,20,62,PM25,SEDANG
202405,2024-05-02,DKI3 Jagakarsa,58,77,54,11,15,24,77,PM25,SEDANG
202405,2024-05-03,DKI3 Jagakarsa,61,76,54,11,17,25,76,PM25,SEDANG
202405,2024-05-04,DKI3 Jagakarsa,52,73,55,12,19,29,73,PM25,SEDANG
202405,2024-05-05,DKI3 Jagakarsa,N/A,73,55,19,17,67,73,PM25,SEDANG
202405,2024-05-06,DKI3 Jagakarsa,N/A,72,55,13,16,50,72,PM25,SEDANG
202405,2024-05-07,DKI3 Jagakarsa,64,84,55,12,17,34,84,PM25,SEDANG
202405,2024-05-08,DKI3 Jagakarsa,71,94,55,13,19,32,94,PM25,SEDANG
202405,2024-05-09,DKI3 Jagakarsa,67,90,56,13,15,39,90,PM25,SEDANG
202405,2024-05-10,DKI3 Jagakarsa,63,80,55,9,15,31,80,PM25,SEDANG
202405,2024-05-11,DKI3 Jagakarsa,63,75,55,8,13,27,75,PM25,SEDANG
202405,2024-05-12,DKI3 Jagakarsa,64,74,55,14,11,38,74,PM25,SEDANG
202405,2024-05-13,DKI3 Jagakarsa,52,67,55,8,14,22,67,PM25,SEDANG
202405,2024-05-14,DKI3 Jagakarsa,63,73,55,13,11,28,73,PM25,SEDANG
202405,2024-05-15,DKI3 Jagakarsa,67,74,55,17,10,45,74,PM25,SEDANG
202405,2024-05-16,DKI3 Jagakarsa,69,85,55,10,15,20,85,PM25,SEDANG
202405,2024-05-17,DKI3 Jagakarsa,56,71,55,10,18,29,71,PM25,SEDANG
202405,2024-05-18,DKI3 Jagakarsa,60,72,55,11,16,38,72,PM25,SEDANG
202405,2024-05-19,DKI3 Jagakarsa,57,72,56,11,18,36,72,PM25,SEDANG
202405,2024-05-20,DKI3 Jagakarsa,69,84,56,15,15,41,84,PM25,SEDANG
202405,2024-05-21,DKI3 Jagakarsa,67,80,56,14,16,42,80,PM25,SEDANG
202405,2024-05-22,DKI3 Jagakarsa,68,81,56,10,16,37,81,PM25,SEDANG
202405,2024-05-23,DKI3 Jagakarsa,64,72,56,10,13,39,72,PM25,SEDANG
202405,2024-05-24,DKI3 Jagakarsa,65,70,56,13,12,44,70,PM25,SEDANG
202405,2024-05-25,DKI3 Jagakarsa,27,34,55,7,12,38,55,SO2,SEDANG
202405,2024-05-26,DKI3 Jagakarsa,61,70,56,15,12,65,70,PM25,SEDANG
202405,2024-05-27,DKI3 Jagakarsa,59,73,56,13,16,39,73,PM25,SEDANG
202405,2024-05-28,DKI3 Jagakarsa,70,82,55,20,14,36,82,PM25,SEDANG
202405,2024-05-29,DKI3 Jagakarsa,61,19,55,11,12,37,61,PM10,SEDANG
202405,2024-05-30,DKI3 Jagakarsa,61,19,55,12,14,38,61,PM10,SEDANG
202405,2024-05-31,DKI3 Jagakarsa,69,17,13,13,16,22,69,PM10,SEDANG
202405,2024-05-01,DKI4 Lubang Buaya,56,N/A,29,14,16,6,56,PM10,SEDANG
202405,2024-05-02,DKI4 Lubang Buaya,N/A,N/A,N/A,N/A,N/A,N/A,N/A,N/A,TIDAK ADA DATA
202405,2024-05-03,DKI4 Lubang Buaya,64,88,29,15,19,9,88,PM25,SEDANG
202405,2024-05-04,DKI4 Lubang Buaya,68,90,30,23,15,8,90,PM25,SEDANG
202405,2024-05-05,DKI4 Lubang Buaya,79,107,30,32,15,13,107,PM25,TIDAK SEHAT
202405,2024-05-06,DKI4 Lubang Buaya,71,97,30,19,17,10,97,PM25,SEDANG
202405,2024-05-07,DKI4 Lubang Buaya,78,107,30,22,16,12,107,PM25,TIDAK SEHAT
202405,2024-05-08,DKI4 Lubang Buaya,76,101,30,17,18,10,101,PM25,TIDAK SEHAT
202405,2024-05-09,DKI4 Lubang Buaya,85,111,30,18,13,13,111,PM25,TIDAK SEHAT
202405,2024-05-10,DKI4 Lubang Buaya,74,96,30,13,15,7,96,PM25,SEDANG
202405,2024-05-11,DKI4 Lubang Buaya,75,92,30,12,13,7,92,PM25,SEDANG
202405,2024-05-12,DKI4 Lubang Buaya,67,85,30,13,11,6,85,PM25,SEDANG
202405,2024-05-13,DKI4 Lubang Buaya,62,82,30,15,14,6,82,PM25,SEDANG
202405,2024-05-14,DKI4 Lubang Buaya,69,94,30,15,14,10,94,PM25,SEDANG
202405,2024-05-15,DKI4 Lubang Buaya,75,98,30,12,12,8,98,PM25,SEDANG
202405,2024-05-16,DKI4 Lubang Buaya,82,111,30,13,20,8,111,PM25,TIDAK SEHAT
202405,2024-05-17,DKI4 Lubang Buaya,74,98,30,12,18,9,98,PM25,SEDANG
202405,2024-05-18,DKI4 Lubang Buaya,77,105,31,14,18,11,105,PM25,TIDAK SEHAT
202405,2024-05-19,DKI4 Lubang Buaya,69,92,31,17,18,11,92,PM25,SEDANG
202405,2024-05-20,DKI4 Lubang Buaya,83,110,31,18,20,10,110,PM25,TIDAK SEHAT
202405,2024-05-21,DKI4 Lubang Buaya,83,107,31,17,20,15,107,PM25,TIDAK SEHAT
202405,2024-05-22,DKI4 Lubang Buaya,84,106,31,16,22,9,106,PM25,TIDAK SEHAT
202405,2024-05-23,DKI4 Lubang Buaya,78,95,31,15,16,8,95,PM25,SEDANG
202405,2024-05-24,DKI4 Lubang Buaya,82,95,30,18,10,6,95,PM25,SEDANG
202405,2024-05-25,DKI4 Lubang Buaya,41,55,30,12,9,8,55,PM25,SEDANG
202405,2024-05-26,DKI4 Lubang Buaya,71,88,30,15,11,8,88,PM25,SEDANG
202405,2024-05-27,DKI4 Lubang Buaya,81,104,31,13,22,9,104,PM25,TIDAK SEHAT
202405,2024-05-28,DKI4 Lubang Buaya,81,104,31,14,20,8,104,PM25,TIDAK SEHAT
202405,2024-05-29,DKI4 Lubang Buaya,77,94,31,11,18,7,94,PM25,SEDANG
202405,2024-05-30,DKI4 Lubang Buaya,77,100,31,11,19,10,100,PM25,SEDANG
202405,2024-05-31,DKI4 Lubang Buaya,91,110,31,13,22,9,110,PM25,TIDAK SEHAT
202405,2024-05-01,DKI5 Kebon Jeruk,41,64,23,17,64,13,64,PM25,SEDANG
202405,2024-05-02,DKI5 Kebon Jeruk,53,81,23,17,62,13,81,PM25,SEDANG
202405,2024-05-03,DKI5 Kebon Jeruk,58,95,24,18,75,17,95,PM25,SEDANG
202405,2024-05-04,DKI5 Kebon Jeruk,62,97,26,22,57,27,97,PM25,SEDANG
202405,2024-05-05,DKI5 Kebon Jeruk,60,97,26,23,58,21,97,PM25,SEDANG
202405,2024-05-06,DKI5 Kebon Jeruk,56,86,26,18,60,17,86,PM25,SEDANG
202405,2024-05-07,DKI5 Kebon Jeruk,68,111,28,21,54,26,111,PM25,TIDAK SEHAT
202405,2024-05-08,DKI5 Kebon Jeruk,65,107,28,20,58,23,107,PM25,TIDAK SEHAT
202405,2024-05-09,DKI5 Kebon Jeruk,66,109,28,22,60,20,109,PM25,TIDAK SEHAT
202405,2024-05-10,DKI5 Kebon Jeruk,54,80,26,16,61,12,80,PM25,SEDANG
202405,2024-05-11,DKI5 Kebon Jeruk,52,82,25,17,65,14,82,PM25,SEDANG
202405,2024-05-12,DKI5 Kebon Jeruk,56,87,25,23,53,16,87,PM25,SEDANG
202405,2024-05-13,DKI5 Kebon Jeruk,45,72,24,16,59,11,72,PM25,SEDANG
202405,2024-05-14,DKI5 Kebon Jeruk,60,101,25,23,61,22,101,PM25,TIDAK SEHAT
202405,2024-05-15,DKI5 Kebon Jeruk,59,91,26,23,57,21,91,PM25,SEDANG
202405,2024-05-19,DKI5 Kebon Jeruk,58,95,26,20,58,15,95,PM25,SEDANG
202405,2024-05-20,DKI5 Kebon Jeruk,57,96,27,20,63,17,96,PM25,SEDANG
202405,2024-05-21,DKI5 Kebon Jeruk,62,101,29,21,65,21,101,PM25,TIDAK SEHAT
202405,2024-05-22,DKI5 Kebon Jeruk,68,108,28,21,66,21,108,PM25,TIDAK SEHAT
202405,2024-05-23,DKI5 Kebon Jeruk,66,80,24,20,60,17,80,PM25,SEDANG
202405,2024-05-24,DKI5 Kebon Jeruk,57,83,24,22,57,20,83,PM25,SEDANG
202405,2024-05-25,DKI5 Kebon Jeruk,29,53,25,18,57,17,57,O3,SEDANG
202405,2024-05-26,DKI5 Kebon Jeruk,62,94,31,26,57,22,94,PM25,SEDANG
202405,2024-05-27,DKI5 Kebon Jeruk,60,95,30,22,65,20,95,PM25,SEDANG
202405,2024-05-28,DKI5 Kebon Jeruk,66,110,27,26,64,26,110,PM25,TIDAK SEHAT
202405,2024-05-29,DKI5 Kebon Jeruk,56,87,26,17,62,14,87,PM25,SEDANG
202405,2024-05-30,DKI5 Kebon Jeruk,54,95,28,18,66,19,95,PM25,SEDANG
202405,2024-05-31,DKI5 Kebon Jeruk,62,111,28,21,69,22,111,PM25,TIDAK SEHAT
202405,2024-05-16,DKI5 Kebon Jeruk,61,101,28,19,62,20,101,PM25,TIDAK SEHAT
202405,2024-05-17,DKI5 Kebon Jeruk,57,90,28,17,58,17,90,PM25,SEDANG
202405,2024-05-18,DKI5 Kebon Jeruk,60,101,27,21,59,22,101,PM25,TIDAK SEHAT
202406,2024-06-01,DKI1 Bundaran Hotel Indonesia (HI),73,102,16,8,22,48,102,PM25,TIDAK SEHAT
202406,2024-06-02,DKI1 Bundaran Hotel Indonesia (HI),67,95,14,5,24,45,95,PM25,SEDANG
202406,2024-06-03,DKI1 Bundaran Hotel Indonesia (HI),50,61,11,5,24,40,61,PM25,SEDANG
202406,2024-06-04,DKI1 Bundaran Hotel Indonesia (HI),58,76,14,5,26,44,76,PM25,SEDANG
202406,2024-06-05,DKI1 Bundaran Hotel Indonesia (HI),63,88,17,6,27,51,88,PM25,SEDANG
202406,2024-06-06,DKI1 Bundaran Hotel Indonesia (HI),55,77,16,5,16,42,77,PM25,SEDANG
202406,2024-06-07,DKI1 Bundaran Hotel Indonesia (HI),58,82,16,N/A,24,41,82,PM25,SEDANG
202406,2024-06-08,DKI1 Bundaran Hotel Indonesia (HI),62,88,16,25,22,40,88,PM25,SEDANG
202406,2024-06-09,DKI1 Bundaran Hotel Indonesia (HI),63,87,18,23,27,32,87,PM25,SEDANG
202406,2024-06-10,DKI1 Bundaran Hotel Indonesia (HI),69,99,14,34,19,50,99,PM25,SEDANG
202406,2024-06-11,DKI1 Bundaran Hotel Indonesia (HI),60,79,18,26,31,37,79,PM25,SEDANG
202406,2024-06-12,DKI1 Bundaran Hotel Indonesia (HI),58,76,12,35,26,51,76,PM25,SEDANG
202406,2024-06-13,DKI1 Bundaran Hotel Indonesia (HI),49,61,16,30,21,36,61,PM25,SEDANG
202406,2024-06-14,DKI1 Bundaran Hotel Indonesia (HI),52,66,18,25,23,33,66,PM25,SEDANG
202406,2024-06-15,DKI1 Bundaran Hotel Indonesia (HI),50,69,14,28,33,38,69,PM25,SEDANG
202406,2024-06-16,DKI1 Bundaran Hotel Indonesia (HI),54,73,9,26,41,42,73,PM25,SEDANG
202406,2024-06-17,DKI1 Bundaran Hotel Indonesia (HI),53,72,11,27,32,32,72,PM25,SEDANG
202406,2024-06-18,DKI1 Bundaran Hotel Indonesia (HI),63,98,13,24,33,30,98,PM25,SEDANG
202406,2024-06-19,DKI1 Bundaran Hotel Indonesia (HI),67,93,15,30,27,46,93,PM25,SEDANG
202406,2024-06-20,DKI1 Bundaran Hotel Indonesia (HI),62,87,16,25,24,37,87,PM25,SEDANG
202406,2024-06-21,DKI1 Bundaran Hotel Indonesia (HI),62,89,16,26,26,43,89,PM25,SEDANG
202406,2024-06-22,DKI1 Bundaran Hotel Indonesia (HI),63,90,15,25,30,41,90,PM25,SEDANG
202406,2024-06-23,DKI1 Bundaran Hotel Indonesia (HI),63,89,17,25,27,35,89,PM25,SEDANG
202406,2024-06-24,DKI1 Bundaran Hotel Indonesia (HI),57,85,15,26,20,40,85,PM25,SEDANG
202406,2024-06-25,DKI1 Bundaran Hotel Indonesia (HI),58,76,20,26,20,34,76,PM25,SEDANG
202406,2024-06-26,DKI1 Bundaran Hotel Indonesia (HI),51,65,13,30,23,29,65,PM25,SEDANG
202406,2024-06-27,DKI1 Bundaran Hotel Indonesia (HI),56,74,14,25,23,32,74,PM25,SEDANG
202406,2024-06-28,DKI1 Bundaran Hotel Indonesia (HI),53,67,12,27,24,33,67,PM25,SEDANG
202406,2024-06-29,DKI1 Bundaran Hotel Indonesia (HI),52,74,11,34,22,34,74,PM25,SEDANG
202406,2024-06-30,DKI1 Bundaran Hotel Indonesia (HI),41,58,10,24,23,33,58,PM25,SEDANG
202406,2024-06-01,DKI2 Kelapa Gading,74,106,56,13,23,18,106,PM25,TIDAK SEHAT
202406,2024-06-02,DKI2 Kelapa Gading,70,98,57,18,20,26,98,PM25,SEDANG
202406,2024-06-03,DKI2 Kelapa Gading,48,61,55,10,18,17,61,PM25,SEDANG
202406,2024-06-04,DKI2 Kelapa Gading,57,80,56,14,17,26,80,PM25,SEDANG
202406,2024-06-05,DKI2 Kelapa Gading,70,97,56,15,21,28,97,PM25,SEDANG
202406,2024-06-06,DKI2 Kelapa Gading,62,87,56,12,21,18,87,PM25,SEDANG
202406,2024-06-07,DKI2 Kelapa Gading,65,88,57,10,24,14,88,PM25,SEDANG
202406,2024-06-08,DKI2 Kelapa Gading,68,94,56,12,22,21,94,PM25,SEDANG
202406,2024-06-09,DKI2 Kelapa Gading,61,82,56,9,26,7,82,PM25,SEDANG
202406,2024-06-10,DKI2 Kelapa Gading,66,96,57,17,18,30,96,PM25,SEDANG
202406,2024-06-11,DKI2 Kelapa Gading,58,99,60,11,19,21,99,PM25,SEDANG
202406,2024-06-12,DKI2 Kelapa Gading,58,86,57,21,14,46,86,PM25,SEDANG
202406,2024-06-13,DKI2 Kelapa Gading,57,69,56,14,16,38,69,PM25,SEDANG
202406,2024-06-14,DKI2 Kelapa Gading,60,77,57,9,18,26,77,PM25,SEDANG
202406,2024-06-15,DKI2 Kelapa Gading,55,77,56,10,23,25,77,PM25,SEDANG
202406,2024-06-16,DKI2 Kelapa Gading,54,68,55,12,28,26,68,PM25,SEDANG
202406,2024-06-17,DKI2 Kelapa Gading,56,77,55,11,22,23,77,PM25,SEDANG
202406,2024-06-18,DKI2 Kelapa Gading,57,110,58,12,22,18,110,PM25,TIDAK SEHAT
202406,2024-06-19,DKI2 Kelapa Gading,74,107,57,19,16,36,107,PM25,TIDAK SEHAT
202406,2024-06-20,DKI2 Kelapa Gading,67,94,57,11,22,17,94,PM25,SEDANG
202406,2024-06-21,DKI2 Kelapa Gading,75,106,58,14,25,29,106,PM25,TIDAK SEHAT
202406,2024-06-22,DKI2 Kelapa Gading,76,103,57,12,26,20,103,PM25,TIDAK SEHAT
202406,2024-06-23,DKI2 Kelapa Gading,83,104,59,13,20,23,104,PM25,TIDAK SEHAT
202406,2024-06-24,DKI2 Kelapa Gading,67,99,57,15,20,24,99,PM25,SEDANG
202406,2024-06-25,DKI2 Kelapa Gading,67,84,57,11,16,20,84,PM25,SEDANG
202406,2024-06-26,DKI2 Kelapa Gading,63,76,57,17,12,52,76,PM25,SEDANG
202406,2024-06-27,DKI2 Kelapa Gading,74,96,57,10,16,23,96,PM25,SEDANG
202406,2024-06-28,DKI2 Kelapa Gading,59,75,57,10,14,21,75,PM25,SEDANG
202406,2024-06-29,DKI2 Kelapa Gading,60,82,59,16,12,42,82,PM25,SEDANG
202406,2024-06-30,DKI2 Kelapa Gading,55,68,58,17,14,42,68,PM25,SEDANG
202406,2024-06-01,DKI3 Jagakarsa,73,84,55,17,15,36,84,PM25,SEDANG
202406,2024-06-02,DKI3 Jagakarsa,59,61,55,16,15,39,61,PM25,SEDANG
202406,2024-06-03,DKI3 Jagakarsa,54,57,55,12,12,32,57,PM25,SEDANG
202406,2024-06-04,DKI3 Jagakarsa,56,64,55,15,12,39,64,PM25,SEDANG
202406,2024-06-05,DKI3 Jagakarsa,68,78,55,17,14,41,78,PM25,SEDANG
202406,2024-06-06,DKI3 Jagakarsa,51,58,56,10,17,34,58,PM25,SEDANG
202406,2024-06-07,DKI3 Jagakarsa,66,75,56,12,19,34,75,PM25,SEDANG
202406,2024-06-08,DKI3 Jagakarsa,67,78,56,16,16,38,78,PM25,SEDANG
202406,2024-06-09,DKI3 Jagakarsa,71,76,56,13,15,28,76,PM25,SEDANG
202406,2024-06-10,DKI3 Jagakarsa,65,71,55,17,13,45,71,PM25,SEDANG
202406,2024-06-11,DKI3 Jagakarsa,59,59,55,15,14,36,59,SO2,SEDANG
202406,2024-06-12,DKI3 Jagakarsa,53,57,56,16,12,52,57,PM25,SEDANG
202406,2024-06-13,DKI3 Jagakarsa,38,70,56,12,7,53,70,PM25,SEDANG
202406,2024-06-14,DKI3 Jagakarsa,53,80,57,15,10,91,91,PM25,SEDANG
202406,2024-06-15,DKI3 Jagakarsa,44,68,57,11,10,36,68,SO2,SEDANG
202406,2024-06-16,DKI3 Jagakarsa,38,67,56,12,14,35,67,PM25,SEDANG
202406,2024-06-17,DKI3 Jagakarsa,53,81,57,10,15,34,81,PM25,SEDANG
202406,2024-06-18,DKI3 Jagakarsa,92,141,56,26,11,78,141,PM25,TIDAK SEHAT
202406,2024-06-19,DKI3 Jagakarsa,68,106,56,15,11,51,106,PM25,TIDAK SEHAT
202406,2024-06-20,DKI3 Jagakarsa,54,88,57,8,17,31,88,PM25,SEDANG
202406,2024-06-21,DKI3 Jagakarsa,64,105,58,12,18,37,105,PM25,TIDAK SEHAT
202406,2024-06-22,DKI3 Jagakarsa,62,101,57,12,16,38,101,PM25,TIDAK SEHAT
202406,2024-06-23,DKI3 Jagakarsa,58,92,58,10,14,35,92,PM25,SEDANG
202406,2024-06-24,DKI3 Jagakarsa,N/A,101,58,12,14,37,101,PM25,TIDAK SEHAT
202406,2024-06-25,DKI3 Jagakarsa,62,98,57,12,13,43,98,PM25,SEDANG
202406,2024-06-26,DKI3 Jagakarsa,50,71,57,13,8,76,76,PM25,SEDANG
202406,2024-06-27,DKI3 Jagakarsa,52,75,57,9,11,40,75,PM25,SEDANG
202406,2024-06-28,DKI3 Jagakarsa,50,69,57,18,7,63,69,PM25,SEDANG
202406,2024-06-29,DKI3 Jagakarsa,60,11,59,18,7,83,83,PM10,SEDANG
202406,2024-06-30,DKI3 Jagakarsa,27,10,57,9,10,47,57,PM10,SEDANG
202406,2024-06-01,DKI4 Lubang Buaya,97,120,31,13,19,8,120,PM25,TIDAK SEHAT
202406,2024-06-02,DKI4 Lubang Buaya,73,91,31,12,14,12,91,PM25,SEDANG
202406,2024-06-03,DKI4 Lubang Buaya,60,71,31,12,12,9,71,PM25,SEDANG
202406,2024-06-04,DKI4 Lubang Buaya,87,106,31,13,12,8,106,PM25,TIDAK SEHAT
202406,2024-06-05,DKI4 Lubang Buaya,74,93,31,14,17,10,93,PM25,SEDANG
202406,2024-06-06,DKI4 Lubang Buaya,70,85,32,12,16,12,85,PM25,SEDANG
202406,2024-06-07,DKI4 Lubang Buaya,79,97,31,13,18,8,97,PM25,SEDANG
202406,2024-06-08,DKI4 Lubang Buaya,78,96,32,12,16,14,96,PM25,SEDANG
202406,2024-06-09,DKI4 Lubang Buaya,78,92,32,11,16,7,92,PM25,SEDANG
202406,2024-06-10,DKI4 Lubang Buaya,84,100,32,12,12,10,100,PM25,SEDANG
202406,2024-06-11,DKI4 Lubang Buaya,74,88,31,11,14,7,88,PM25,SEDANG
202406,2024-06-12,DKI4 Lubang Buaya,63,70,31,12,7,9,70,PM25,SEDANG
202406,2024-06-13,DKI4 Lubang Buaya,61,72,31,12,4,6,72,PM25,SEDANG
202406,2024-06-14,DKI4 Lubang Buaya,N/A,74,32,11,8,6,74,PM25,SEDANG
202406,2024-06-15,DKI4 Lubang Buaya,N/A,73,33,34,15,8,73,PM25,SEDANG
202406,2024-06-16,DKI4 Lubang Buaya,56,63,40,25,11,16,63,PM25,SEDANG
202406,2024-06-17,DKI4 Lubang Buaya,57,76,39,23,15,10,76,PM25,SEDANG
202406,2024-06-18,DKI4 Lubang Buaya,87,113,40,31,15,12,113,PM25,TIDAK SEHAT
202406,2024-06-19,DKI4 Lubang Buaya,77,97,40,28,13,16,97,PM25,SEDANG
202406,2024-06-20,DKI4 Lubang Buaya,76,92,41,21,15,16,92,PM25,SEDANG
202406,2024-06-21,DKI4 Lubang Buaya,78,100,41,24,19,22,100,PM25,SEDANG
202406,2024-06-22,DKI4 Lubang Buaya,74,103,40,23,17,18,103,PM25,TIDAK SEHAT
202406,2024-06-23,DKI4 Lubang Buaya,75,91,41,22,14,20,91,PM25,SEDANG
202406,2024-06-24,DKI4 Lubang Buaya,69,90,41,25,16,22,90,PM25,SEDANG
202406,2024-06-25,DKI4 Lubang Buaya,68,85,40,21,10,17,85,PM25,SEDANG
202406,2024-06-26,DKI4 Lubang Buaya,71,80,41,27,8,16,80,PM25,SEDANG
202406,2024-06-27,DKI4 Lubang Buaya,73,86,41,20,19,13,86,PM25,SEDANG
202406,2024-06-28,DKI4 Lubang Buaya,63,74,40,26,17,9,74,PM25,SEDANG
202406,2024-06-29,DKI4 Lubang Buaya,63,76,40,35,15,9,76,PM25,SEDANG
202406,2024-06-30,DKI4 Lubang Buaya,51,56,40,24,11,14,56,PM25,SEDANG
202406,2024-06-01,DKI5 Kebon Jeruk,70,124,28,25,67,26,124,PM25,TIDAK SEHAT
202406,2024-06-02,DKI5 Kebon Jeruk,66,112,27,24,70,21,112,PM25,TIDAK SEHAT
202406,2024-06-03,DKI5 Kebon Jeruk,43,66,24,18,76,16,76,O3,SEDANG
202406,2024-06-04,DKI5 Kebon Jeruk,58,100,24,28,71,25,100,PM25,SEDANG
202406,2024-06-05,DKI5 Kebon Jeruk,74,128,25,31,71,31,128,PM25,TIDAK SEHAT
202406,2024-06-06,DKI5 Kebon Jeruk,52,84,29,18,50,18,84,PM25,SEDANG
202406,2024-06-07,DKI5 Kebon Jeruk,60,103,27,21,68,22,103,PM25,TIDAK SEHAT
202406,2024-06-08,DKI5 Kebon Jeruk,63,109,30,24,58,22,109,PM25,TIDAK SEHAT
202406,2024-06-09,DKI5 Kebon Jeruk,60,99,28,20,72,19,99,PM25,SEDANG
202406,2024-06-10,DKI5 Kebon Jeruk,60,104,28,27,61,25,104,PM25,TIDAK SEHAT
202406,2024-06-11,DKI5 Kebon Jeruk,53,88,27,20,73,18,88,PM25,SEDANG
202406,2024-06-12,DKI5 Kebon Jeruk,56,92,26,27,66,27,92,PM25,SEDANG
202406,2024-06-13,DKI5 Kebon Jeruk,44,70,29,21,45,19,70,PM25,SEDANG
202406,2024-06-14,DKI5 Kebon Jeruk,39,69,33,19,53,18,69,PM25,SEDANG
202406,2024-06-15,DKI5 Kebon Jeruk,46,77,29,23,46,22,77,PM25,SEDANG
202406,2024-06-16,DKI5 Kebon Jeruk,44,74,28,23,63,23,74,PM25,SEDANG
202406,2024-06-17,DKI5 Kebon Jeruk,47,77,28,20,53,14,77,PM25,SEDANG
202406,2024-06-18,DKI5 Kebon Jeruk,67,124,29,25,52,14,124,PM25,TIDAK SEHAT
202406,2024-06-19,DKI5 Kebon Jeruk,67,112,30,29,48,22,112,PM25,TIDAK SEHAT
202406,2024-06-20,DKI5 Kebon Jeruk,54,88,32,19,48,18,88,PM25,SEDANG
202406,2024-06-21,DKI5 Kebon Jeruk,64,110,34,23,38,24,110,PM25,TIDAK SEHAT
202406,2024-06-22,DKI5 Kebon Jeruk,63,105,32,22,51,19,105,PM25,TIDAK SEHAT
202406,2024-06-23,DKI5 Kebon Jeruk,61,97,34,21,35,16,97,PM25,SEDANG
202406,2024-06-24,DKI5 Kebon Jeruk,60,103,33,22,39,20,103,PM25,TIDAK SEHAT
202406,2024-06-25,DKI5 Kebon Jeruk,58,91,35,21,39,18,91,PM25,SEDANG
202406,2024-06-26,DKI5 Kebon Jeruk,55,84,31,29,29,13,84,PM25,SEDANG
202406,2024-06-27,DKI5 Kebon Jeruk,47,74,34,18,41,16,74,PM25,SEDANG
202406,2024-06-28,DKI5 Kebon Jeruk,46,70,35,24,45,19,70,PM25,SEDANG
202406,2024-06-29,DKI5 Kebon Jeruk,55,87,30,30,46,14,87,PM25,SEDANG
202406,2024-06-30,DKI5 Kebon Jeruk,38,66,31,22,35,16,66,PM25,SEDANG
